name,rating,reviews_count,category,address,phone,website,hours,extracted_at,ciudad_busqueda
Odontologia Integral Medellin,5.0,,Médico,"Cl. 68 #6018, Bogotá",3125070336,,,2025-12-22 15:46:44,Medellín
Clínica Dental Home,4.9,,Clínica dental,"Cl. 34 #34A-76 Consultorio 401, Laureles - Estadio, Medellín, Laureles, Medellín, Antioquia",3104194654,https://clinicadentalhome.com/?utm_source=google&utm_medium=organic&utm_campaign=google-business&utm_id=google-business&utm_term=google-business-unicentro,,2025-12-22 15:46:47,Medellín
Odontológica,5.0,,Clínica dental,"Cra. 29d #6A 05, El Poblado, Medellín, El Poblado, Medellín, Antioquia",44449006,,,2025-12-22 15:46:50,Medellín
Ortounion Clínica Odontológica,5.0,,Clínica dental,"Centro Comercial SanDiego, bloque norte, consultorio 227A, Cl 34 #43-66, Medellín, Antioquia",3006103275,https://www.ortounion.com/,,2025-12-22 15:46:53,Medellín
Consultorio odontologico la 73,4.9,,Clínica dental,"AKT Colombia, Cl 44 #73 - 12 segundo piso, Laureles - Estadio, Medellín, Laureles, Medellín, Antioquia",3187501226,http://www.odontologosla73.com/,,2025-12-22 15:46:57,Medellín
Clínica Colombiana de Implantes Dentales,4.8,,Dentista,"Dg 75E #33A-160, Laureles - Estadio, Medellín, Laureles, Medellín, Antioquia",3166900299,http://www.clinicacolombianadeimplantes.com/,,2025-12-22 15:47:00,Medellín
ORAL CONCEPT INVISALIGN,5.0,,Dentista cosmético,"Cra. 70 #32 b 51 local 1, Medellín, Belén, Medellín, Antioquia",3137662008,https://oralconcept.co/home/oral-concept,,2025-12-22 15:47:03,Medellín
Premium Dental Medellín,4.9,,Clínica dental,"Local 2101. CC Premium Plaza, El Poblado, Medellín, Antioquia",3204010740,http://premiumdentalmedellin.com/,,2025-12-22 15:47:06,Medellín
Clínica Viena / Veneers Medellín,5.0,,Dentista cosmético,"Cl. 7 Sur #n 42-70 of 420, El Poblado, Medellín, El Poblado, Medellín, Antioquia",3224776418,https://clinicaviena.com/,,2025-12-22 15:47:09,Medellín
Odontoss Laureles,4.8,,Clínica dental,"Cl. 35 #7642, Laureles - Estadio, Medellín, Laureles, Medellín, Antioquia",6044440062,http://www.odontoss.com/,,2025-12-22 15:47:12,Medellín
Odontoss Centro,4.7,,Clínica dental,"Cra 46 # 47-66 local 3034 Centro comercial punto de la oriental, Medellín, Antioquia",6044440062,http://www.odontoss.com/,,2025-12-22 15:47:15,Medellín
Clínica Odontológica Oral Laser Estadio,4.6,,Clínica dental,"Cra. 78 #4640, Laureles - Estadio, Medellín, Laureles, Medellín, Antioquia",6044440840,http://www.oralaser.com.co/,,2025-12-22 15:47:18,Medellín
Odontologos en Medellin,4.0,,Dentista,"Centro Comercial Unicentro, Consultorio 1, Cra 66B #34A 76, Medellín, Antioquia",3052581651,https://odontologoenmedellin.com/,,2025-12-22 15:47:21,Medellín
DentiOral - Sede Belén,4.8,,Clínica dental,"Cl. 30 #75-64, Medellín, Belén, Medellín, Antioquia",6044448911,https://www.dentioral.com/,,2025-12-22 15:47:24,Medellín
Sanadent Odontólogos - La Mejor Clínica Dental en Medellín,4.9,,Clínica dental,"Av. 33 #· 81 - 17, Laureles - Estadio, Medellín, Laureles, Medellín, Antioquia",6044486126,http://www.sanadentodontologos.com.co/,Abierto ⋅ Cierra a las 7 p.m.·Ver más horas,2025-12-22 15:47:27,Medellín
Clínica Odontológica de Antioquia - CLODAN sas.,4.7,,Clínica dental,"Calle 33 N° 42b-06 torre sur, Centro Comercial Sandiego #oficina 1109, Medellín, Antioquia",3192746973,https://clodan.com.co/,,2025-12-22 15:47:30,Medellín
Odontología The Best Smile Centro Medellín,4.9,,Dentista,"Cra 47 / Sucre #56-35, La Candelaria, Medellín, La Candelaria, Medellín, Antioquia",3118295100,https://thebestsmileod.com/,,2025-12-22 15:47:33,Medellín
Sanadent,4.9,,Clínica dental,"Florida Parque Comercial, Cl. 71 #65 - 150 Local 2111, El Progreso, Medellín, Castilla, Medellín, Antioquia",6044486126,https://sanadentodontologos.com.co/,,2025-12-22 15:47:36,Medellín
Odontoespecialistas,5.0,,Dentista,"Calle 34 ##43-66 Local 1008 1009, Medellín, Antioquia",3137591236,http://www.odontoespecialistas.com/,Abierto ⋅ Cierra a las 6 p.m.·Ver más horas,2025-12-22 15:47:40,Medellín
Clínica Odontológica Oral Laser Centro,4.4,,Clínica dental,"Edificio Vicente Uribe Rendón, Cra. 46 #52-36 Local 9907, La Candelaria, Medellín, La Candelaria, Medellín, Antioquia",6044440840,https://oralaser.com.co/,,2025-12-22 15:47:43,Medellín
Camila Paredes Odontología,5.0,,Centro médico,"Centro Profesional Conquistadores, Cl. 34 #63B - 72 Consultorio 202 Consultorio 202, Laureles - Estadio, Medellín, Laureles, Medellín, Antioquia",3245813771,https://www.doctoralia.co/camila-paredes/odontologo/medellin,,2025-12-22 15:47:46,Medellín
Oral Elite Consultorio Odontológico,5.0,,Clínica dental,"Cl. 52 #43 - 84, La Candelaria, Medellín, La Candelaria, Medellín, Antioquia",3004243602,,,2025-12-22 15:47:49,Medellín
OrtoLíder,4.9,,Clínica dental,"Cl. 52 #4324, La Candelaria, Medellín, La Candelaria, Medellín, Antioquia",6044448939,http://www.ortolider.com/,,2025-12-22 15:47:52,Medellín
Sede Centro - PROMTA Clínica Odontológica,3.4,,Clínica dental,"Cl. 56 #41-38, La Candelaria, Medellín, La Candelaria, Medellín, Antioquia",6044448400,http://www.promta.com.co/,,2025-12-22 15:47:55,Medellín
Clínica Fresh,5.0,,Clínica dental,"Cl. 26 #38-26, La Candelaria, Medellín, La Candelaria, Medellín, Antioquia",3113579782,https://clinicafresh.com/,,2025-12-22 15:47:58,Medellín
Odontología Especializada Medellín,4.8,,Clínica dental,"Torre Medica 2, Cra 25A # 1A Sur, Centro Comercial El Tesoro #45 Local 4799, Medellín, Antioquia",3007008281,,,2025-12-22 15:48:01,Medellín
Clínica Ártica,4.6,,Dentista,"Cl. 18, Av. Las Palmas #35-69 OF 330, El Poblado, Medellín, Antioquia",6044484847,https://www.clinicaartica.com/,,2025-12-22 15:48:04,Medellín
Consultorio odontológico Angela Zapata,5.0,,Clínica dental,"Cl. 54 #41-65, La Candelaria, Medellín, La Candelaria, Medellín, Antioquia",3205449004,https://www.azodontologos.com/inicio,,2025-12-22 15:48:07,Medellín
Clínica Sonrisas Sanas,4.6,,Clínica dental,"Cra. 43 #50 - 82 Int 107, La Candelaria, Medellín, La Candelaria, Medellín, Antioquia",3204213140,http://clinicasonrisassanas.com/,,2025-12-22 15:48:10,Medellín
Dra. Ana Zuluaga - Diseño de Sonrisa en Medellín,4.9,,Clínica dental,"Cra. 43A #18sur-135 piso 9, oficina 910, El Poblado, Medellín, El Poblado, Medellín, Antioquia",3054566979,http://www.dranazuluaga.com/,,2025-12-22 15:48:13,Medellín
Centro Odontológico San Martin,4.8,,Dentista,"Cl. 50b #37-82, La Candelaria, Medellín, La Candelaria, Medellín, Antioquia",3104030712,https://odontologiasanmartin.com/,,2025-12-22 15:48:16,Medellín
Consultorio Odontologico La 92,4.4,,Dentista,"Cra. 51 #92-00, Aranjuez, Medellín, Aranjuez, Medellín, Antioquia",3206433524,,Abierto ⋅ Cierra a las 6 p.m.·Ver más horas,2025-12-22 15:48:19,Medellín
DentiSalud La Playa,4.4,,Clínica dental,"Cl. 52 #43-106, La Candelaria, Medellín, La Candelaria, Medellín, Antioquia",6044601240,https://dentisalud.com.co/,,2025-12-22 15:48:23,Medellín
Ortoclin Sede Santa Lucia,4.7,,Clínica dental,"Cra. 87 # 47a-37, La América, Medellín, La América, Medellín, Antioquia",3134555223,https://www.instagram.com/ortoclin.col/,,2025-12-22 15:48:26,Medellín
We Smile Medellin - ODONTOLOGIA ESTETICA ESPECIALIZADA,5.0,,Clínica dental,"Cl. 47 # 70-7, Laureles - Estadio, Medellín, Laureles, Medellín, Antioquia",3218464388,https://www.instagram.com/wesmilemedellin?igsh=MWY0NnJlYzJnZGYxZA%3D%3D&utm_source=qr,,2025-12-22 15:48:29,Medellín
IPS Odontología San Juan,4.2,,Ortodoncista,"Cl 44 #78-36, Los Pinos, Medellín, La América, Medellín, Antioquia",3157170005,https://odontologiasanjuan.com/,,2025-12-22 15:48:32,Medellín
Odontobegu - Consultorio Odontologico - Urgencias Odontologicas,5.0,,Clínica dental,"Cl. 63A # 37 - 34, Medellín, Villa Hermosa, Medellín, Antioquia",3137617944,https://www.instagram.com/odontobegu_/,,2025-12-22 15:48:35,Medellín
Oral Láser,4.0,,Clínica dental,"calle 2 sur # 46 - 116 Torre médica Salud Vegas, local 148, Medellín, Antioquia",6044440840,https://oralaser.com.co/clinica-odontologica-poblado-medellin/,,2025-12-22 15:48:38,Medellín
Bocas&Risas - Clínica Odontológica en Medellín,5.0,,Clínica dental,"Cra. 49 # 61 - 42, La Candelaria, Medellín, La Candelaria, Medellín, Antioquia",3013248706,https://www.bocasyrisas.com/,,2025-12-22 15:48:41,Medellín
LR Clínica Odontológica,5.0,,Clínica dental,"Edif Lyon, Cra. 78A #48-76, Laureles - Estadio, Medellín, Laureles, Medellín, Antioquia",3232948354,https://lrclinicaodontologica.com/,,2025-12-22 15:48:44,Medellín
DentiSalud El Poblado - Clínicas Odontológicas,4.5,,Clínica dental,"Av. El Poblado #14s1, El Poblado, Medellín, El Poblado, Medellín, Antioquia",6043495900,http://www.dentisalud.com.co/,,2025-12-22 15:48:47,Medellín
Ana Virgen Smile,5.0,,Clínica dental,"Cra. 52 #45 - 92 Local 215, La Candelaria, Medellín, La Candelaria, Medellín, Antioquia",3113669272,,,2025-12-22 15:48:50,Medellín
Oral Studio,5.0,,Clínica dental,"Cl. 19a # 44 - 25 Consultorio 2001, El Poblado, Medellín, El Poblado, Medellín, Antioquia",3127093687,https://www.oralstudio.com.co/,,2025-12-22 15:48:53,Medellín
DentiSalud Floresta - Clínica odontológica,4.7,,Clínica dental,"Cra. 80 #49a122, Medellín, Antioquia",6045579085,https://www.dentisalud.com.co/,,2025-12-22 15:48:56,Medellín
Ortoclin Sede Castilla,4.8,,Clínica dental,"Cra 68 #97-10, Castilla, Medellín, Castilla, Medellín, Antioquia",3104017012,https://www.instagram.com/ortoclin.col/,,2025-12-22 15:48:59,Medellín
Avanza Grupo Odontológico - Diseño de sonrisa Medellín - carillas cerámicas,4.9,,Clínica dental,"Cl 34B #65D - 58, Laureles - Estadio, Medellín, Laureles, Medellín, Antioquia",3003075315,http://www.avanzagrupoodontologico.com/,,2025-12-22 15:49:02,Medellín
Oral Center Poblado,4.3,,Clínica dental,"Calle 7 # 39- 197, Torre Intermédica Local 1219, Medellin, Antioquia",6043493080,http://oralcenter.com.co/,,2025-12-22 15:49:05,Medellín
Doctoralia Colombia,4.1,,Empresa de software,"Edificio City Business - Sanofi Office, Tv. 23 #97 - 73 oficina 406, Chapinero, Bogotá, Cundinamarca",6014387657,https://www.doctoralia.co/,,2025-12-22 15:49:09,Medellín
Sumidental Clínica Dental,3.5,,Clínica dental,"Centro Comercial Almacentro, Cra. 43A #34 - 95 Local 292, La Candelaria, Medellín, La Candelaria, Medellín, Antioquia",6043221809,,,2025-12-22 15:49:12,Medellín
Clínica Odontológica Del Rosario,,,Clínica ambulatoria,"Edificio Don Gaspar De Rodas, Cra. 46 #49 A - 27 Consultorio 417, La Candelaria, Medellín, La Candelaria, Medellín, Antioquia",3207281492,https://www.instagram.com/odontologiadel.rosario/,,2025-12-22 15:49:15,Medellín
Centro Odontológico Congregación Mariana,4.0,,Dentista,"Cra. 46 #5415, La Candelaria, Medellín, La Candelaria, Medellín, Antioquia",6043221990,,,2025-12-22 15:49:18,Medellín
Centro Odontológico La Oriental,3.0,,Clínica dental,"Cl. 57a #45D-74 Piso 2, La Candelaria, Medellín, La Candelaria, Medellín, Antioquia",3126070048,https://www.facebook.com/laorientalodontologia/,,2025-12-22 15:49:21,Medellín
Dentioral - Sede Poblado,5.0,,Clínica dental,"Cra. 43A #34-95 Local 200, Centro comercial Almacentro, Medellín, Antioquia",6044448911,https://dentioral.com/,,2025-12-22 15:49:24,Medellín
BUCCAL | Centro Odontológico,4.4,,Clínica dental,"Cl. 51 #43 05, La Candelaria, Medellín, La Candelaria, Medellín, Antioquia",3233167497,https://www.buccal.co/,,2025-12-22 15:49:27,Medellín
Oral Line Centro Odontología Estética y Ortodoncia,4.0,,Clínica dental,"Cra. 51 #50-21, La Candelaria, Medellín, La Candelaria, Medellín, Antioquia",3233433787,,,2025-12-22 15:49:30,Medellín
La Odontologia,5.0,,Clínica dental,"Cl. 49 #57 52, La Candelaria, Medellín, La Candelaria, Medellín, Antioquia",3003568689,,,2025-12-22 15:49:33,Medellín
Consultorios odontologicos la 56,5.0,,Clínica dental,"Cl. 54 #42 81, La Candelaria, Medellín, La Candelaria, Medellín, Antioquia",2167370,,,2025-12-22 15:49:36,Medellín
Dental Spa Clínica Odontológica,5.0,,Clínica dental,"L-107, Cl 36 #43-66, La Candelaria, Medellín, Antioquia",42622152,https://www.sandiego.com.co/dental-spa-clinica-odontologica-sas,,2025-12-22 15:49:39,Medellín
Ortoclin Sede Laureles,4.7,,Clínica dental,"Cq. 6 #76 E -42, Laureles - Estadio, Medellín, Laureles, Medellín, Antioquia",3245263555,https://ortoclin.co/,,2025-12-22 15:49:42,Medellín
Consultorio Odontologico Bello en Medellin,,,Clínica dental,"Av. Cundinamarca #45-21, La Candelaria, Medellín, La Candelaria, Medellín, Antioquia",45118944,,,2025-12-22 15:49:45,Medellín
Odontología la 78 Urgencia las 24 horas,4.3,,Servicio de urgencias dentales,"Cl. 45A #77 a 10, Los Pinos, Medellín, Laureles, Medellín, Antioquia",3122478447,https://consultorioodontologicola78.com/,,2025-12-22 15:49:48,Medellín
Ortoclin Sede San javier,4.5,,Clínica dental,"Cra. 98 # 47a-02, San Javier II, Medellín, San Javier, Medellín, Antioquia",3226754353,https://www.instagram.com/ortoclin.col/,,2025-12-22 15:49:51,Medellín
Mauricio Moreno Ortodoncista - Sede centro,1.0,,Ortodoncista,"Cra. 46 #no 49A 27, La Candelaria, Medellín, La Candelaria, Medellín, Antioquia",3146273689,,,2025-12-22 15:49:55,Medellín
ODONTOLOGÌA ESPECIALIZADA ALMACENTRO,4.7,,Clínica dental,"Cra. 43A #34 - 95, La Candelaria, Medellín, La Candelaria, Medellín, Antioquia",3113819338,,,2025-12-22 15:49:58,Medellín
Blanqueamiento Dental en Medellin,1.0,,Dentista cosmético,"Cra. 25 #12 Sur 59, El Poblado, Medellín, El Poblado, Medellín, Antioquia",3203118517,https://dracatalinabeltran.com/blanqueamiento-dental-medellin,,2025-12-22 15:50:01,Medellín
DIENTES SANOS MEDELLIN,4.7,,Clínica dental,"Diagonal 50 # 49 -14, Edificio Juan Pablo Gonzalez - 303, Medellín, Antioquia",6044446186,,,2025-12-22 15:50:04,Medellín
Dens Clinicas Dentales,4.2,,Clínica dental,"Cl. 52 #43-100, La Candelaria, Medellín, La Candelaria, Medellín, Antioquia",3104250545,https://densclinicasdentales.com/,,2025-12-22 15:50:07,Medellín
Odontología Ana María Martínez,4.9,,Clínica dental,"centro de medellín, Cra 45, Odontología Ana María Martínez, de, Medellín, Antioquia",3174283681,,,2025-12-22 15:50:10,Medellín
Odontosmart Medellin,5.0,,Clínica dental,"CENTRO COMERCIAL SANDIEGO, Cl. 33 #42B-06 Local 1221, Laureles - Estadio, Medellín, Laureles, Medellín, Antioquia",3182087175,http://odontosmart.com.co/,,2025-12-22 15:50:13,Medellín
AOI Sonrisas Integrales Integral By Dr Omar Ibarra,4.8,,Dentista,"Cra. 46 #53 15, La Candelaria, Medellín, La Candelaria, Medellín, Antioquia",3046317984,,,2025-12-22 15:50:16,Medellín
Prevenga Odontología Particular - Las Vegas,4.9,,Clínica dental,"Cl. 35a Sur #47 -53, Zona 2, Envigado, Antioquia",3009126355,http://www.clinicasprevenga.com/,,2025-12-22 15:50:19,Medellín
Odontología Aranjuez,4.9,,Dentista,"Cra. 49A #92-90, Aranjuez, Medellín, Aranjuez, Medellín, Antioquia",3108388449,https://wa.me/573108388449,,2025-12-22 15:50:22,Medellín
Grupo Odontológico Ilich Chaves - Centro,5.0,,Clínica dental,"Calle 54 #45-63 edificio Caracas 1, local 319, Medellín, Antioquia",3006287555,https://www.facebook.com/dentalilichgrup/,,2025-12-22 15:50:25,Medellín
Odontología MÍA,5.0,,Clínica dental,"calle 54 # 45-63 edificio, Caracas #1 consultorio 207, Medellín, Antioquia",3015276895,,,2025-12-22 15:50:28,Medellín
Odontólogos y Especialistas,5.0,,Hospital,"Carrera 80 #32ee-3 a 32ee-69,, Medellín, Antioquia",44112100,,,2025-12-22 15:50:31,Medellín
RC DENTAL,4.9,,Clínica dental,"Pollos Paulandia - Edificio san pablo, Cl. 49B #64B-54 Oficina 202, Laureles - Estadio, Medellín, Laureles, Medellín, Antioquia",3122376546,https://instagram.com/rc.dental?utm_medium=copy_link,,2025-12-22 15:50:34,Medellín
Oralimagen,5.0,,Clínica dental,"Calle 47 #69a-23 interior 201, edificio la Florida, Medellín, Antioquia",3167449425,http://www.oralimagen.com/,,2025-12-22 15:50:38,Medellín
Alternativas Odontológicas,4.0,,Clínica dental,"Cl. 46 #69-32, Laureles - Estadio, Medellín, Laureles, Medellín, Antioquia",3015343777,https://www.alternativasodontologicas.co/,,2025-12-22 15:50:41,Medellín
Estacion Oral,5.0,,Clínica dental,"Cl. 49 #30-35, Caicedo, Medellín, Buenos Aires, Medellín, Antioquia",6042694642,http://estacionoral.com/,,2025-12-22 15:50:44,Medellín
Centro Odontologico Oral Health Medellin,,,Clínica dental,"Cl. 54 #46-38, La Candelaria, Medellín, La Candelaria, Medellín, Antioquia",3235824265,,,2025-12-22 15:50:47,Medellín
Biodental Odontologia Especializada,5.0,,Clínica dental,"Edificio centro, Cl. 54 #1 local 102, Medellín, Antioquia",3126886150,https://www.instagram.com/biodentalodontologia/,,2025-12-22 15:50:50,Medellín
Maxilodent Medellín,5.0,,Clínica dental,"Cl. 54 #46-27 interior 1105, La Candelaria, Medellín, La Candelaria, Medellín, Antioquia",3194148542,https://es-la.facebook.com/maxilodentmedellin1105/,,2025-12-22 15:50:53,Medellín
Oral Center Distrito 65,4.1,,Clínica dental,"Edificio Distrito 65, Cl. 49B #64C - 54 local 201, Laureles - Estadio, Medellín, Laureles, Medellín, Antioquia",6042302728,https://www.oralcenterdistrito65.com/,,2025-12-22 15:50:56,Medellín
Clínica Dental Maru,,,Clínica dental,"Parque Empresarial Calle 11A, Calle 11 #43B – 50 Oficina 109, La Candelaria, Medellín, La Candelaria, Medellín, Antioquia",3017714047,,,2025-12-22 15:50:59,Medellín
ORTHOSMART,5.0,,Clínica dental,"Cra. 46 # 53-48, La Candelaria, Medellín, La Candelaria, Medellín, Antioquia",6045574928,,,2025-12-22 15:51:02,Medellín
Confíadent,5.0,,Clínica dental,"Cl. 55 #39-48, La Candelaria, Medellín, La Candelaria, Medellín, Antioquia",3016732736,https://www.confiadent.com/,,2025-12-22 15:51:05,Medellín
Clínica Odontológica Dientes Sanos Belén,4.2,,Clínica dental,"Diagonal 75b, Mall la Gran Vía ##105, Medellín, Antioquia",3137341616,,,2025-12-22 15:51:08,Medellín
Clinica dental de bello,1.0,,Clínica dental,"Cra. 44 #48 21 Int. 106, La Candelaria, Medellín, La Candelaria, Medellín, Antioquia",42174695,,,2025-12-22 15:51:11,Medellín
Dentiplan Plus Camino Real,4.6,,Clínica dental,"Cra. 47 # 52 86 local 315 CCCR, Medellín, Antioquia",44481232,http://www.dentiplan.com.co/,,2025-12-22 15:51:14,Medellín
ODONTOLOGÍA NOVA,5.0,,Clínica dental,"Cl. 49 #32-65, Caicedo, Medellín, Buenos Aires, Medellín, Antioquia",3013634185,,,2025-12-22 15:51:17,Medellín
Dra. Katerine Alzate G. Odotología,5.0,,Ortodoncista,"Cl. 54 #45-58, La Candelaria, Medellín, La Candelaria, Medellín, Antioquia",3022628630,http://www.odontologia-katerinealzate.com/,,2025-12-22 15:51:20,Medellín
Denti Smile,5.0,,Dentista,"Cl. 54 #46-27 Consultorio 507, La Candelaria, Medellín, La Candelaria, Medellín, Antioquia",3505472225,https://instagram.com/denti.smile?igshid=Y2IzZGU1MTFhOQ==,,2025-12-22 15:51:24,Medellín
MC DENTAL,4.3,,Clínica dental,"Edificio COLSEGUROS, Cra. 46 #53-44, La Candelaria, Medellín, La Candelaria, Medellín, Antioquia",6042338588,http://mcdental.com.co/,,2025-12-22 15:51:27,Medellín
Clínica Odontológica Everest,3.7,,Clínica dental,"Cra. 50 #52-50, La Candelaria, Medellín, La Candelaria, Medellín, Antioquia",3168334812,http://www.odontologiaeverest.com.co/,,2025-12-22 15:51:30,Medellín
Odontología Dra. Diana Ramírez. Implantes Medellín,5.0,,Periodoncista,"C. 50 #38-48 Consultorio 204, La Candelaria, Medellín, La Candelaria, Medellín, Antioquia",3146241901,,,2025-12-22 15:51:33,Medellín
Oral Express,4.8,,Clínica dental,"Cra. 49 #49-73 2do. Piso, La Candelaria, Medellín, La Candelaria, Medellín, Antioquia",42510801,,,2025-12-22 15:51:36,Medellín
SOI Odontología,5.0,,Clínica dental,"CALLE 29 # 41-105. ED. SOHO, OF 602, Medellín, Antioquia",3216369003,http://www.soiodontologia.co/,,2025-12-22 15:51:39,Medellín
DentalFriends,5.0,,Clínica dental,"Cra. 49 #52 - 81 local 9925, La Candelaria, Medellín, La Candelaria, Medellín, Antioquia",3175100157,https://www.instagram.com/dentalfriendsm/?hl=es,,2025-12-22 15:51:42,Medellín
Confort Clínica Dental,,,Clínica dental,"Cra. 46 #54-14 Consultorio 808, La Candelaria, Medellín, La Candelaria, Medellín, Antioquia",3046315717,,,2025-12-22 15:51:45,Medellín
Consultorio odontologico Mauricio Rangel,3.0,,Clínica dental,"Cl. 54 #46-27 consultorio 1001, La Candelaria, Medellín, La Candelaria, Medellín, Antioquia",3174364085,,,2025-12-22 15:51:48,Medellín
Odontología VIV - Poblado,5.0,,Clínica dental,"Edificio Bio 26 Cl. 26, Av. Las Palmas #38 - 26 Piso 10, consultorio 1025, Medellín, Antioquia",3150021483,https://vivodontologia.com/,,2025-12-22 15:51:51,Medellín
Oral Concept Envigado,5.0,,Clínica dental,"Consultorio 1213, Cl 49 Sur #45 A - 300 EDIFICIO S48, Tower, Envigado, Antioquia",3137662008,,,2025-12-22 15:51:54,Medellín
Odontología Carolina Martínez,5.0,,Clínica dental,"Edificio Colseguros, Cra. 46 #53-48 local 105, La Candelaria, Medellín, La Candelaria, Medellín, Antioquia",3197598216,https://www.instagram.com/caromartinezodonto/,,2025-12-22 15:51:57,Medellín
Clínica Colombiana de Salud Oral,5.0,,Clínica dental,"Cra. 46 #49a-35, La Candelaria, Medellín, La Candelaria, Medellín, Antioquia",43220406,,,2025-12-22 15:52:00,Medellín
AZDENTAL,5.0,,Clínica dental,"Edificio La Palenciaa, Cra. 46 #50- 28 Local 210, La Candelaria, Medellín, La Candelaria, Medellín, Antioquia",3244388800,,,2025-12-22 15:52:03,Medellín
Odontologia San Javier,4.0,,Dentista,"Cra. 99 # 48-13, San Javier II, Medellín, San Javier, Medellín, Antioquia",3207018338,https://wa.me/573207018338,,2025-12-22 15:52:06,Medellín
Odonto Rio - Estudio Dental,3.6,,Clínica dental,"Cl. 49B # 21 - 38 local 501, El Vergel, Medellín, Buenos Aires, Medellín, Antioquia",3166304488,,,2025-12-22 15:52:10,Medellín
Ecodental,5.0,,Clínica dental,"Cra. 46 # 54 -89, La Candelaria, Medellín, La Candelaria, Medellín, Antioquia",3002416770,,,2025-12-22 15:52:13,Medellín
Corporación Odontológica De Antioquia,4.6,,Clínica dental,"Centro profesional Conquistadores, Calle 34 63B-72 Consultorio 407 - Ed, Cl. 34 #63B-72 Consultorio 407, Medellín, Antioquia",3017077202,https://corporacionodontologicadeantioquia.com.co/,,2025-12-22 15:52:19,Medellín
Dra Jacqueline Arango - Odontología,5.0,,Clínica dental,"Cra. 43 #47 - 90, La Candelaria, Medellín, La Candelaria, Medellín, Antioquia",3147537082,https://drajacquelinearango.com/,,2025-12-22 15:52:22,Medellín
Cedens Odontología,5.0,,Clínica dental,"Calle 33 #42B-06, Centro Comercial Sandiego #Torre Sur consultorio 1114, Medellín, Antioquia",3008142057,https://cedensodontologia.com/,,2025-12-22 15:52:25,Medellín
Clinica Odontologica Medellin Essence Dental Group,,,Clínica dental,"TORRE MEDICA EL TESORO, CRA 25 A ·1 A SUR -45, CONS 1726, Medellín, Antioquia",3043774390,https://instagram.com/essence_dentalgroup?igshid=YmMyMTA2M2Y=,,2025-12-22 15:52:28,Medellín
Smiling Clínica Odontológica,5.0,,Clínica dental,"Cl. 54 # 46-27 Consultorio 504, La Candelaria, Medellín, La Candelaria, Medellín, Antioquia",45113014,,,2025-12-22 15:52:31,Medellín
OdontoLógica DRA. Diana Robledo A.,5.0,,Clínica dental,"Carrera 45 # 49-81 Edificio Copal consultorio 205, Calle 50 # 45-11 Edificio Copal consultorio 205, Medellín, Antioquia",6043223020,,,2025-12-22 15:52:34,Medellín
Consultorio Odontologico,5.0,,Clínica dental,"Cra. 45 #44-106, Aranjuez, Medellín, Manrique, Medellín, Antioquia",12110544,,,2025-12-22 15:52:37,Medellín
CENTRO DENTAL PROFESIONAL,,,Clínica dental,"Cra. 49 #46-75 Local 203, La Candelaria, Medellín, La Candelaria, Medellín, Antioquia",42312534,,,2025-12-22 15:52:40,Medellín
Odonto Center,5.0,,Clínica dental,"Av. Colombia #45 - 56 L 209, La Candelaria, Medellín, La Candelaria, Medellín, Antioquia",42519250,,,2025-12-22 15:52:43,Medellín
clinica dental apso,5.0,,Clínica dental,"Cra. 46 #52-140, La Candelaria, Medellín, La Candelaria, Medellín, Antioquia",3004625382,,,2025-12-22 15:52:46,Medellín
San José Centro Odontológico,3.0,,Clínica dental,"Cl. 30A #74-82, Medellín, Belén, Medellín, Antioquia",45899445,,,2025-12-22 15:52:49,Medellín
Medellin - Dr. Juan Carlos Mejía Escalante,4.7,,Dentista,"Carulla Las Palmas (Centro Empresarial Palms Avenue) Of. 330 Las Palmas, El Poblado, Medellín, Antioquia",3003832926,http://www.medellindentalsolutions.com/,,2025-12-22 15:52:52,Medellín
Eddy Berry Odontología - Ed. Banco Caja Social Av. Oriental oficina 1204,5.0,,Clínica dental,"Edificio Banco Caja Social, Car 46 52-140, Medellín, Antioquia",3226342006,,,2025-12-22 15:52:56,Medellín
Neodent Odontologia Integral y especializada,4.0,,Clínica dental,"Cl. 130 #92-14, Bogotá",+13013687854,,,2025-12-22 15:55:18,Bogotá
Odontoamigo,4.4,,Clínica dental,"Cl. 129c Bis #91-09 local 1, Bogotá",3102227286,,,2025-12-22 15:55:21,Bogotá
Consultorio Odontológico,,,Clínica dental,"Cl 132 #93-06 Piso 2, Bogotá",16823667,,,2025-12-22 15:55:24,Bogotá
Odonto Centry,1.4,,Facultad de odontología,"Carrera 93 No. 129B-24, Suba Rincon, Bogotá, Bogotá D.C.",16946070,,,2025-12-22 15:55:27,Bogotá
clinica odontologica orthoplus,,,Clínica dental,"Cl 132 #94 F, Suba, Bogotá",16855154,,,2025-12-22 15:55:30,Bogotá
AR ODONTOLOGIA ADRIANA RESTREPO,4.5,,Clínica dental,"Cra. 93 #128 A 25, Suba, Rincón, Bogotá",3174388793,https://www.facebook.com/adriana.restrepo.351104,,2025-12-22 15:55:33,Bogotá
SAR ALIANZA ODONTOLOGICA,,,Clínica dental,"Cl. 133a #91-10, Suba, Bogotá, Cundinamarca",3183019855,,,2025-12-22 15:55:36,Bogotá
Estación Dental,5.0,,Clínica dental,"Cra. 47a #114-19, Bogotá",3125887065,http://estaciondental.com.co/,,2025-12-22 15:55:39,Bogotá
Dr Diego Andrés Ramírez Endodoncista Smile Dental Center Clínica Odontológica 24H Colina Campestre,4.8,,Dentista,"Cra. 58 #137A-10 Consultorio 303, Bogotá",3102424075,https://smiledentalcenter24.com/,,2025-12-22 15:55:42,Bogotá
Consultorio odontológico Dra. Aura González. EasyDent,,,Clínica dental,"Cl 132 #95 - 20, Suba, Bogotá",3224198190,,,2025-12-22 15:55:45,Bogotá
Esplen Dent,4.5,,Dentista,"Carrera 59 A No. 136 95 Local 203 Sede Principal Colina Campestre Mall 138:, Cra. 59a #136-95, Bogotá",3108001501,https://www.clinicasodontologicasbogota.com/,,2025-12-22 15:55:49,Bogotá
DRA JHOANNA GARAVITO ODONTOLOGÍA ESTÉTICA,4.9,,Clínica dental,"Calle 145 # 91 -34 Local 183 Dra Jhoanna garavito odontología estética Centro comercial, Suba, Bogotá",3223765749,https://drajhoannag.com/,,2025-12-22 15:55:52,Bogotá
Clínica Odontológica Aura Estela Prieto | Clínica Dental en Bogotá,4.9,,Clínica dental,"Cl. 68 #90 - 37, Engativá, Bogotá, Cundinamarca",3102534528,https://linktr.ee/auraprieto,,2025-12-22 15:55:55,Bogotá
Molart Odontologia,4.8,,Clínica dental,"Cra. 91 #145-97, Bogotá",3227233200,https://www.instagram.com/sonrisamolart,,2025-12-22 15:55:58,Bogotá
Consultorio Odontológico,5.0,,Clínica dental,"46, Suba #90, Suba, Bogotá",16923021,,,2025-12-22 15:56:01,Bogotá
Odontotal Especialistas en Estetica Dental,5.0,,Clínica especializada,"Calle 145 # 91-19 local 29 tercer piso Centro Comercial Centro, Suba, Bogotá",3003231160,,,2025-12-22 15:56:04,Bogotá
Unidad Odontofacial - Implantes-Ortodoncia-Diseño sonrisa,5.0,,Clínica dental,"Edificio Santa Bárbara III, Ak 15 #112 - 46 Cons 101, Bogotá",3052300355,http://www.odontofacial.co/,,2025-12-22 15:56:07,Bogotá
CLINICA ODONTOLOGICA SMART DENTAL,4.7,,Clínica dental,"Cl. 152b # 114 D - 21, Bogotá",3203436612,,,2025-12-22 15:56:10,Bogotá
Millenium,2.0,,Dentista,"Cra. 91 #139-34, Bogotá",15188430,,,2025-12-22 15:56:13,Bogotá
Clínicas Élite Dental,4.9,,Clínica dental,"B. Las Villas, Cl. 128b #58B-13, Suba, Bogotá",6012533319,https://www.clinicaelitedental.com.co/,,2025-12-22 15:56:16,Bogotá
Clínicas Odontológicas Dental Company,5.0,,Clínica dental,"Ac 145 #1097, Suba, Bogotá, Cundinamarca",15361953,,,2025-12-22 15:56:19,Bogotá
Clínicas Élite Dental,4.9,,Clínica dental,"B. Las Villas, Cl. 128b #58B-13, Suba, Bogotá",6012533319,https://www.clinicaelitedental.com.co/,,2025-12-22 15:56:22,Bogotá
Ortodoncia Suba Bogota Odontologia Radiologia Oral Muelitas y Molares,3.0,,Ortodoncista,"Cl. 139 #103F - 49 local 11 y 10, Bogotá",3108812694,http://ortodonciaypediatria.com/,,2025-12-22 15:56:25,Bogotá
iARA Clinica Dental,4.9,,Clínica dental,"Cra. 58 #128a-03, Bogotá",3147752016,,,2025-12-22 15:56:28,Bogotá
clinica odontologica ortho day,4.6,,Clínica dental,"Tv. 76 #81I - 67, Bogotá",3166120454,,,2025-12-22 15:56:31,Bogotá
Clínica Oral-Dent Ltda,4.9,,Clínica dental,"Cra. 104a #71 D 51, Engativá, Bogotá, Cundinamarca",3106497524,http://www.clinioraldentltda.com/,,2025-12-22 15:56:35,Bogotá
Molart Odontologia,4.8,,Clínica dental,"Cra. 91 #145-97, Bogotá",3227233200,https://www.instagram.com/sonrisamolart,,2025-12-22 15:56:38,Bogotá
Ortodoncia Suba Bogota Odontologia Radiologia Oral Muelitas y Molares,4.0,,Clínica dental,"Cl. 139 #103f-49 LOCAL 11 AL 10, Bogotá",3108812694,https://ortodonciaypediatria.com/,,2025-12-22 15:56:41,Bogotá
Consultorio Odontólogico Vitaldent M.S,5.0,,Clínica dental,"Cl. 131c #104-41, Suba, Bogotá, Cundinamarca",3123035449,,,2025-12-22 15:56:44,Bogotá
Odontología Orallife sede Suba,4.7,,Clínica dental,"Cl. 135b #126-40, Bogotá",3005745029,,,2025-12-22 15:56:47,Bogotá
Clínica Odontológica ALTRIDENT,5.0,,Clínica dental,"Cl. 146a #95-45, Suba, Bogotá, Cundinamarca",3224104299,,,2025-12-22 15:56:50,Bogotá
Clinica Colombiana de Prótesis Dentales,4.3,,Dentista,"Cra. 58 #127-34, Bogotá",3005515669,http://www.ccpdental.com/,,2025-12-22 15:56:53,Bogotá
Consultorio Odontológico,5.0,,Clínica dental,"46, Suba #90, Suba, Bogotá",16923021,,,2025-12-22 15:56:56,Bogotá
Consultorio Odontologico Dr. Julián Sánchez,5.0,,Clínica dental,"Carrera 122d # 129b 90 Local 26. Centro Comercial Laguna, Bogotá, Cundinamarca",3507083018,,,2025-12-22 15:56:59,Bogotá
Odontotal Especialistas en Estetica Dental,5.0,,Clínica especializada,"Calle 145 # 91-19 local 29 tercer piso Centro Comercial Centro, Suba, Bogotá",3003231160,,,2025-12-22 15:57:02,Bogotá
Odontologia en Bogota l Urgencias odontológicas l Dentista en Bogotá l Clínica Dental l Doctora Gloria Rodriguez,5.0,,Dentista,"Cl. 141 Bis #15 - 29, Bogotá",3003382644,http://www.cuident.com.co/,,2025-12-22 15:57:05,Bogotá
Odontología en Bogotá l asesoría en tratamientos l Ortodoncia en Bogotá l Ortodoncia l limpieza dental l Clinica Dentu,5.0,,Dentista,"TORRE HHC, Cl. 140 #11-45 consultorio 404, Bogotá",3132470360,,,2025-12-22 15:57:08,Bogotá
Salud Bucal Familiar clínica odontológica en Bogotá,5.0,,Clínica dental,"Cl. 90 #19 A 49 oficina 301 Oficina 503, Bogotá",3138707940,http://www.saludbucalfamiliar.com/,,2025-12-22 15:57:11,Bogotá
Unidad Odontológica Dent Express,5.0,,Clínica dental,"Calle 86 #95f -72 Int 101 Piso 2, Bogotá, Cundinamarca",3142910956,,,2025-12-22 15:57:15,Bogotá
Integra Salud Oral,4.9,,Clínica dental,"Ac 127 #13 - 96 OF 701, UNICENTRO, Bogotá",3157903691,http://www.integrasaludoral.com/,,2025-12-22 15:57:18,Bogotá
Clínica Odontológica Dr. ALFONSO BUITRAGO S.,5.0,,Clínica dental,"Consultorio de Especialistas en Odontologia, calle 125 ·#20-70, Of. 308, Bogotá, Cundinamarca",3202900096,http://www.dralfonsobuitrago.com/,,2025-12-22 15:57:21,Bogotá
Dentisalud Ciudadela Colsubsidio,4.8,,Clínica dental,"Cra. 111c #71A-86, Bogotá",6017429528,http://www.dentisalud.com.co/,,2025-12-22 15:57:24,Bogotá
Odontología Imagen perfecta,5.0,,Clínica dental,"Cra. 100a #141-10 local 7, Suba, Bogotá, Cundinamarca",3132629054,,,2025-12-22 15:57:27,Bogotá
Millenium,2.0,,Dentista,"Cra. 91 #139-34, Bogotá",15188430,,,2025-12-22 15:57:30,Bogotá
CONSULTORIO ODONTOLOGICO,5.0,,Clínica dental,"46, Cra. 59 #130, Suba, Bogotá",12710612,https://grupolaverde.wixsite.com/my-site,,2025-12-22 15:57:33,Bogotá
Odontología Prado Veraniego,4.9,,Clínica dental,"Cl. 130 #49a-06, Bogotá",3227122575,http://www.odontologiapradoveraniego.com/,,2025-12-22 15:57:39,Bogotá
CENTRO MEDICO ODONTOLOGICO LA FLORESTA,4.8,,Clínica dental,"Ac 100 #68A-91, Bogotá",3132963295,,,2025-12-22 15:57:42,Bogotá
Consultorio Odontológico GC,5.0,,Clínica dental,"Cra. 95g #88-14 Int. 112, Bogotá",14411762,,,2025-12-22 15:57:45,Bogotá
CERO Centro De Estética Y Rehabilitación Oral,4.4,,Clínica dental,"Cra. 114 #139-04, Bogotá",3106998488,,,2025-12-22 15:57:48,Bogotá
Odontologo de Urgencias,4.3,,Clínica dental,"Cl. 150 #21a - 14, Usaquén, Bogotá, Cundinamarca",3166255671,http://www.urgenciasodontologicas.com/,,2025-12-22 15:57:51,Bogotá
Clinica Odontologica ILARCO DENTAL ESPECIALISTAS,5.0,,Clínica dental,"AV SUBA # 115-58 TORRE:B - OFICINA:207 TORRE:B OFICINA:207, Bogotá",3228568930,,,2025-12-22 15:57:54,Bogotá
Red Oral,4.6,,Clínica dental,"Cra. 58 #137B-38, Bogotá",3102064747,http://clinicasredoral.com/,,2025-12-22 15:57:58,Bogotá
DENTALIA ODONTOLOGIA Integral Y Especializada,4.6,,Clínica dental,"Cra. 112g #86a-05, Bogotá",3118490623,,,2025-12-22 15:58:01,Bogotá
Clínica Odontológica M & M,5.0,,Dentista,"Cra. 126a # 138-29, Suba, Bogotá, Cundinamarca",3165861710,,,2025-12-22 15:58:04,Bogotá
MARLON BECERRA,4.8,,Clínica dental,"Cra. 58 No 128 A - 71, Bogotá, Cundinamarca",6012535853,http://www.marlonbecerra.co/,,2025-12-22 15:58:07,Bogotá
COGA ODONTOLOGIA ESTETICA,3.9,,Clínica dental,"Tv. 73a #82d 31, Engativá, Bogotá, Cundinamarca",3165542976,https://odontologiacoga.com/,,2025-12-22 15:58:10,Bogotá
Immagin OdontologÍa,4.9,,Ortodoncista,"Cl. 150a #102b2 102b17, Suba, Bogotá, Cundinamarca",3003365745,http://www.immaginodontologia.com/,,2025-12-22 15:58:13,Bogotá
Opalus odontología,5.0,,Clínica dental,"Carrera 92 #147 - 39 Local 9 Bogotá, Bogotá, Cundinamarca",3180990009,,,2025-12-22 15:58:16,Bogotá
Odontología Moderna,4.9,,Clínica dental,"Santafe pijao, Cl. 182 #45_11 Local 1, Suba, Bogotá, Cundinamarca",3212326151,https://www.instagram.com/moderna_odontologia?igsh=MmF4MWg4ZG9majIw,Abierto ⋅ Cierra a las 6 p.m.·Ver más horas,2025-12-22 15:58:22,Bogotá
DentiSalud Suba Plaza imperial -Clínica Odontológica,4.2,,Clínica dental,"Cl. 141 #88, Bogotá",6017562226,http://www.dentisalud.com.co/,,2025-12-22 15:58:25,Bogotá
Clínica Odontológica Protección Oral - Sede Santa Bárbara,3.3,,Mecánico protésico dental,"Cra 19 #125-26, Bogotá",3164466382,https://proteccionoral.com/,,2025-12-22 15:58:28,Bogotá
Oral Advance Odontología,5.0,,Clínica dental,"Tv. 93a #80 B 42, Bogotá",3177184683,https://cekandela.wixsite.com/oraladvance,Abierto ⋅ Cierra a las 5 p.m.·Ver más horas,2025-12-22 15:58:31,Bogotá
A.S. Clinica Odontológica,5.0,,Clínica dental,"Cra. 55b #162b -52, Bogotá",3160437866,https://instagram.com/clinicadrandres.sandoval?igshid=MzRlODBiNWFlZA==,,2025-12-22 15:58:34,Bogotá
Milsonrisas Clínica Odontológica,,,Clínica dental,"Cra. 91 #146b-34, Bogotá",17740380,,,2025-12-22 15:58:37,Bogotá
D&C Odontología,5.0,,Clínica dental,"Cl. 86 #95 - 23 Local 12, Bogotá",3144228936,,,2025-12-22 15:58:40,Bogotá
Dra Camila Romero - Ortodoncista,4.9,,Clínica dental,"Cl. 106 #56-33 Consultorio 503, Bogotá",3002511307,https://dracamilaromero.com/,,2025-12-22 15:58:44,Bogotá
Clínica Dental Millenium Calle 80,1.5,,Clínica dental,"Cl. 79 #89a-40, Bogotá",15188430,,,2025-12-22 15:58:47,Bogotá
Consultorio Odontológico Dr. Ricardo Urrego (Urgencias 24 Horas),4.9,,Servicio de urgencias dentales,"Ac 100 #63-21, Bogotá",3197365817,https://sites.google.com/view/urgencias-odontologicas-urrego,,2025-12-22 15:58:50,Bogotá
OralCity,5.0,,Clínica dental,"Cl 72 #77a-11 *Piso 2, Bogotá",3219993282,http://oralcity.com.co/%20oralcity.co,,2025-12-22 15:58:53,Bogotá
GOI - Grupo Odontológico Integral,4.1,,Clínica dental,"Cra. 54 #152a-85, Bogotá",6019172215,https://goi.com.co/,,2025-12-22 15:58:56,Bogotá
Consultorio Odontologico Liliana Rodríguez,5.0,,Clínica dental,"Cra. 90 #145-51 local 1, Bogotá",3203967819,,,2025-12-22 15:58:59,Bogotá
Diseño de sonrisa / Dental Experience / Blanqueamiento dental/ implantes Dentales,4.9,,Clínica dental,"TORRE ZENTAI, Cra. 23 #124 - 87 torre 2 consultorio 302 EDIFICIO, Usaquén, Bogotá, Cundinamarca",3015351637,http://www.dentalexperience.com.co/,,2025-12-22 15:59:02,Bogotá
Clínica Odontologica L & E,,,Clínica dental,"Cra. 126f #138C-56, Bogotá",16888500,,,2025-12-22 15:59:05,Bogotá
ISADENT ODONTOLOGIA ESPECIALIZADA,5.0,,Clínica dental,"cra 129#139-77, Cra. 111 A #142a-60, Bogotá, Cundinamarca",3182589906,,,2025-12-22 15:59:08,Bogotá
CLINICAS ODONTOLOGICAS MALOKA SUBA,,,Clínica dental,"Cl. 139 #111A-41, Suba, Bogotá",15356727,,,2025-12-22 15:59:11,Bogotá
Consultorio Odontológico Odonto'Class,5.0,,Clínica dental,"Cra. 126a, Suba, Bogotá",3006680291,,,2025-12-22 15:59:14,Bogotá
Dentaria Odontologia,4.8,,Clínica dental,"Edificio Soko 147, Cl 147 #17 - 78, Usaquén, Bogotá, Cundinamarca",3045730610,http://dentaria.co/,,2025-12-22 15:59:17,Bogotá
Agape Clinica Odontologica,5.0,,Clínica dental,"Cra. 55b #162b-52, Bogotá",3160437866,https://agapeclinica.com/,,2025-12-22 15:59:20,Bogotá
Odontología Dentsan Dra. Patricia Blanco,5.0,,Servicio de urgencias dentales,"Cl. 153 #17-60, Bogotá",3053093707,,,2025-12-22 15:59:23,Bogotá
CLINICA ODONTOLOGICA - ORAL LINE By Luis Fernando Londoño,4.9,,Clínica dental,"Autopista Norte # 118 86 consultorios 603,604 y 605 Barrio, Santa Bárbara, Bogotá",3112376789,https://www.gurugo.co/empresas/clinica-odontologica---oral-line-by-luis-fernando-londono/usaquen-CO629755?ad=CO26308,,2025-12-22 15:59:27,Bogotá
Clínicas White,4.8,,Clínica dental,"Cl. 99 #14-76, Bogotá",6017942323,https://www.clinicaswhite.com/,,2025-12-22 15:59:30,Bogotá
Consultorio Odontológico SonriArte M&Y,5.0,,Dentista,"Cl. 137a #126c 09, Bogotá",3007687555,,Abierto ⋅ Cierra a las 5 p.m.·Ver más horas,2025-12-22 15:59:36,Bogotá
Clínica Dental Biotecnología,,,Clínica dental,"Cra. 108 #137B - 12, Bogotá",15351480,,,2025-12-22 15:59:39,Bogotá
Dentoclinic Centro de ortodoncia y especialidades odontologicas,4.9,,Clínica dental,"Cl. 140 #11-45, Bogotá",3005606527,https://dentoclinic.co/,,2025-12-22 15:59:45,Bogotá
"14-85 Dental Spa | Sede Unicentro - Implantes dentales, Ortodoncia - Invisalign, Diseño de sonrisa",4.9,,Clínica dental,"Cl. 119 #14-42 local 2 piso 1, Bogotá",6013557146,https://1485dentalspa.com/?utm_source=google&utm_medium=organic&utm_campaign=gbp,,2025-12-22 15:59:48,Bogotá
DEL PILAR,5.0,,Clínica dental,"Cl 167 #55d-09, Bogotá",4699832,,,2025-12-22 15:59:51,Bogotá
PREVEDONTO odontología Prevención y Salud Oral Integral,4.9,,Clínica dental,"Edificio 106 Square, Cl. 106 #57-23 Oficina 609, Bogotá",3212088553,http://www.prevedonto.com/,,2025-12-22 15:59:57,Bogotá
"Clínica odontológica Bogotá, Calderón Moreno Armonía Orofacial",5.0,,Clínica dental,"Auto. Norte #106-71, Suba, Bogotá, Cundinamarca",3104832544,https://aiyellow.com/clinicaodontologicacalderonmoreno,,2025-12-22 16:00:03,Bogotá
Artek odontología Láser - Colina,4.9,,Dentista,"Cra. 58 #132a-10, Bogotá",17165208,http://www.odontologialaser.co/,,2025-12-22 16:00:06,Bogotá
ODONTO FAMILY - Sede Suba Portal,2.2,,Clínica dental,"Cl. 141c #103F-78, Suba, Bogotá, Cundinamarca",16828801,http://www.clinicasodontofamily.com/,,2025-12-22 16:00:10,Bogotá
Denticare Odontología Actual,5.0,,Clínica dental,"Cra. 103b #151 C, Suba, 19Bogotá, Bogotá, Cundinamarca",3124684760,https://api.whatsapp.com/send?phone=573124684760&text=Hola%2C%20quiero%20una%20valoracion.,,2025-12-22 16:00:13,Bogotá
Dentisa,4.5,,Clínica dental,"Ac 116 #70c-94, Bogotá",3166257556,http://www.dentisa.com.co/,,2025-12-22 16:00:16,Bogotá
Clínica Odontosanitas Suba,4.2,,Dentista,"Centro comercial Suba91, Cra. 91 #139 - 34 Tercer piso, Suba, Bogotá, Cundinamarca",6017436767,https://www.colsanitas.com/,,2025-12-22 16:00:19,Bogotá
FULL DENTAL127,,,Clínica dental,"Avenida 58 #127-59, Bogotá",3102676303,,,2025-12-22 16:00:22,Bogotá
Estética & Salud Oral - Urgencias Odontológicas,5.0,,Clínica dental,"Cra. 112b # 79 B 14 Casa 56, Bogotá",3213672419,,,2025-12-22 16:00:31,Bogotá
SONRISA PERFECTA BY DRA MARCELA MEDINA.,4.3,,Clínica dental,"Cl. 129 #58-64, Bogotá",3108638153,,Abierto las 24 horas·Ver más horas,2025-12-22 16:00:34,Bogotá
Páez odontólogos,5.0,,Clínica dental,"Dg. 81f #74C-20, Bogotá",3008410807,,,2025-12-22 16:00:37,Bogotá
Prosalud,2.3,,Clínica dental,"Av Suba #127D-71, Bogotá",16917272,,,2025-12-22 16:00:40,Bogotá
Urgencias Odontológicas - Clínica Estética Dental 24 Horas,4.5,,Clínica dental,"Cl. 93 #19B - 66 consultorio 203, Bogotá",3112298206,https://www.ced24horas.com/,,2025-12-22 16:00:43,Bogotá
Clínica doctora Derly Cano,4.8,,Clínica dental,"Ak 9 #164a-36, Usaquén, Bogotá, Cundinamarca",3114906299,https://www.instagram.com/dra.derlycano,,2025-12-22 16:00:46,Bogotá
La Clínica Dental Country,4.9,,Clínica dental,"Cra. 18 #82-39, Chapinero, Bogotá, Cundinamarca",6019167998,https://laclinicacountry.com/,,2025-12-22 16:00:49,Bogotá
Doctora Veronica Diseño de Sonrisa en Bogotá Carillas de Porcelana Implantes Dentales Ortodoncia Invisalign,5.0,,Clínica dental,"Calle 140 #11-45 oficina 713 Edificio HHC, Bogotá, Cundinamarca",3208863290,https://odverorodriguez.com/,,2025-12-22 16:00:56,Bogotá
Dra.Rossana Maldonado/Dental Coach,4.9,,Clínica dental,"Ak 15 # 104-30 Consultorio 408, Bogotá",3332447421,http://www.dentalcoach.co/,,2025-12-22 16:00:59,Bogotá
Sonría,2.8,,Clínica dental,"Cra. 92 #147-68, Suba, Bogotá, Cundinamarca",6016819121,https://sonria.com.co/red-clinicas-sonria/,,2025-12-22 16:01:02,Bogotá
Mi Salud,,,Dentista,"Calle 70 No. 73C 26 B, Cl. 29 Sur, Bogotá, Cundinamarca",3128251850,,,2025-12-22 16:01:05,Bogotá
BLANCO CLÍNICA ODONTOLÓGICA,4.7,,Dentista,"Cl. 70 #77A-07, Engativá, Bogotá",3157877993,,,2025-12-22 16:01:08,Bogotá
CityDent - Suba,1.4,,Clínica dental,"Cl. 142 #103F-79, Suba, Bogotá, Cundinamarca",14931000,http://www.citydent.com.co/,,2025-12-22 16:01:11,Bogotá
El Bosque,4.9,,Clínica dental,"Cra. 69 #63A-78, Engativá, Bogotá",3103345353,,,2025-12-22 16:01:14,Bogotá
Arte Oral,4.9,,Clínica dental,"Cl. 110 #9-25 Oficina 612, Usaquén, Bogotá, Cundinamarca",3125862916,https://www.arteoral.com/,,2025-12-22 16:01:17,Bogotá
Jasban Odontología,4.3,,Clínica dental,"Ac 127 #71b - 94, Bogotá",6019156615,http://www.jasban.com/,,2025-12-22 16:01:20,Bogotá
La Clínica Dental (Calle 153),,,Clínica dental,"Cl. 153 #17-60, Bogotá",6019167998,https://laclinicadental.com.co/sucursal-la-clinica-dental-calle-153/,,2025-12-22 16:01:23,Bogotá
Clínica Odontología Cali PRISMA,4.9,,Clínica dental,"Vida Centro Profesional PH, Cll. 5d # 38a-35, Cali, Valle del Cauca Torre 2, Cns #1015 piso 10, Cali, Valle del Cauca",3205445048,http://www.prismaodontologiaestetica.com/,,2025-12-22 16:03:46,Cali
Clínica Tascón Odontologia e Implantes Dentales en Cali,4.8,,Clínica dental,"Cl. 5c #40-69, Cali, Valle del Cauca",3022354864,https://clinicatasconodontologia.com/,,2025-12-22 16:03:49,Cali
Oral Clínica Odontológica Cali,5.0,,Clínica dental,"Cl 48 Bis # 92 - 35, Comuna 17, Cali, Valle del Cauca",3106053207,,,2025-12-22 16:03:52,Cali
Clínica Odontológica en Cali DentaTech ⭐ ⭐ ⭐ ⭐ ⭐ Sede Centro | Diseño de sonrisa | Odontología en Cali,4.8,,Clínica dental,"Cra. 5 #9-33, San Pedro, Cali, Valle del Cauca",3145747715,http://dentatech.co/,,2025-12-22 16:03:55,Cali
DentiSalud Cali Ciudad Jardín - Clínica odontológica,4.6,,Clínica dental,"Cra. 100 #1648, Cañasgordas, Cali, Valle del Cauca",6024855675,http://www.dentisalud.com.co/,,2025-12-22 16:03:58,Cali
Odontología Dra Diana Palacios | consultorio odontológico Cali | ortodoncista Cali,4.9,,Dentista,"Cl. 23 Nte. #6AN 17 Santa Mónica Residencial, santa Mónica, Cali, Valle del Cauca",3162753450,https://dradianapalacios.com/,,2025-12-22 16:04:01,Cali
DentiSalud Cali Norte - Clínica odontológica,4.8,,Clínica dental,"Av 6 N #29n11, San Vicente, Cali, Valle del Cauca",6024896350,http://www.dentisalud.com.co/,,2025-12-22 16:04:04,Cali
DentiSalud Mall Plaza Cali - Clínica odontológica,4.9,,Ortodoncista,"Mall Plaza, Cl. 5 #52 - 210, Cuarto de Legua, Cali, Valle del Cauca",3123471398,https://www.dentisalud.com.co/,,2025-12-22 16:04:07,Cali
"All-on-4, Zygomatic & Strategic Full Arch Implants | Veneers | Facial Feminization Surgery FFS | Dental Tourism by OdontoSOAT",5.0,,Periodoncista de implantes dentales,"Edf. Vida - Torre1, Cl. 5d #38A-35 Off 741, San Fernando, Cali, Valle del Cauca",3162296000,http://www.odontosoat.com/,,2025-12-22 16:04:10,Cali
"Centro Odontológico del Sur (Odontología, Dentist)",5.0,,Clínica dental,"Cra. 44 #6A-94, Nueva Tequendama, Cali, Valle del Cauca",3104149078,https://dentistrydesigners.com/,,2025-12-22 16:04:13,Cali
ODONTOSANI VERSALLES,4.9,,Clínica dental,"Av. 4 Nte. #20n 72, San Vicente, Cali, Valle del Cauca",3203201041,https://doctororalcali.com/,,2025-12-22 16:04:16,Cali
Centro de Ortodoncia Odontología Integral,3.6,,Clínica dental,"Cl. 39 Nte. #2BN 121, Prados Norte, Cali, Valle del Cauca",3178929059,http://www.odontologiacoi.com/,,2025-12-22 16:04:19,Cali
"Clínica Odontológica en Cali DentaTech - Sede Alfonso López, Odontología, Diseño de sonrisa",5.0,,Clínica dental,"Cra. 7p #76-4, Alfonso Lopez, Cali, Valle del Cauca",3145747715,https://dentatech.co/,,2025-12-22 16:04:22,Cali
Clínicas Élite Dental,4.8,,Clínica dental,"Cra. 44 #No 5A - 66, Cali, Valle del Cauca",3208377257,https://www.clinicaelitedental.com.co/,Abierto ⋅ Cierra a las 6 p.m.·Ver más horas,2025-12-22 16:04:26,Cali
Odontología Cali Sur - Daniel Rivera,5.0,,Dentista,"Cra. 100 #11-60 Consultorio 306, Ciudad Jardín, Cali, Valle del Cauca",3163228540,https://drdanielrivera.com.co/,,2025-12-22 16:04:29,Cali
Clinica Dental Tascón Odontología e Implantes Dentales en Cali,4.9,,Clínica dental,"Cra. 100 #5-169 Local 801, Las Vegas, Cali, Valle del Cauca",3137936508,https://www.clinicatasconodontologia.com/,,2025-12-22 16:04:32,Cali
Dr. Alejandro Martínez Diseño de Sonrisa,5.0,,Dentista cosmético,"Cra. 40 #5b - 15, Cali, Valle del Cauca",3104308517,https://dralejandromartinez.com.co/,,2025-12-22 16:04:35,Cali
DRA. CHALAPUD odontología funcional,5.0,,Clínica dental,"unicentro Oasis 720A, Cra. 100, Las Vegas, Cali, Valle del Cauca",3183865729,,,2025-12-22 16:04:38,Cali
DoctorOral Tequendama,5.0,,Clínica dental,"Cl. 5a #41-46 LOCAL 103, Cali, Valle del Cauca",3023001233,https://doctororalcali.com/,Abierto ⋅ Cierra a las 6:30 p.m.·Ver más horas,2025-12-22 16:04:41,Cali
Clínica Odontológica Marcela García,4.9,,Clínica dental,"Av. 3 Nte. #49N - 63, Vipasa, Cali, Valle del Cauca",3192278879,http://www.esteticaodontofacial.com/,,2025-12-22 16:04:44,Cali
Odontología Ciudad Jardín,5.0,,Clínica dental,"Edificio Parque 103, Calle 15 A #103-20 Consultorio 201, Ciudad Jardín, Cali, Valle del Cauca",3157197886,https://odontologiaciudadjardin.com/,,2025-12-22 16:04:47,Cali
ODONTOLOGÍA | CLÍNICA SONRISA A TU ALCANCE | CALI,4.9,,Clínica dental,"Cl. 27 #30-05, El Recuerdo, Cali, Valle del Cauca",3163482136,,,2025-12-22 16:04:50,Cali
DRA. SANDRA GARCÍA - REJUVENECIMIENTO DENTAL ®️ - Rehabilitación Biomimética - Diseño de Sonrisa - Implantología,5.0,,Dentista cosmético,"Edificio Vida, Calle 5D # 38 A 35, Torre 2, Piso 5, Consultorio 509, Cali, Valle del Cauca",3175861535,https://drasandragarcia.com/,,2025-12-22 16:04:53,Cali
Dra. Angela Maria Arcila.Centro Odontologico del Norte,4.5,,Clínica dental,"Cra. 1c #54-28, Comuna 5, Cali, Valle del Cauca",3155209831,,,2025-12-22 16:04:56,Cali
Occi-dental Clínica Odontológica sur,3.8,,Clínica dental,"Unicentro Torre Oasis, Cra. 100 #5-169 Local 314, Las Vegas, Cali, Valle del Cauca",6023690708,,,2025-12-22 16:04:59,Cali
Clinica Odontologica UNICOC,4.2,,Clínica dental,"Av. 2 Nte. #101 a 135, Granada, Cali, Valle del Cauca",23125248,http://www.unicoc.edu.co/red-de-clinicas-odontologicas.aspx?contid=0&articulohref=red-de-clinicas,,2025-12-22 16:05:02,Cali
¡Consultorio Odontológico la octava!,4.8,,Clínica dental,"Cl 8 #10-105, COMUNA 3, Cali, Valle del Cauca",3173353744,https://wa.me/message/5REZZHB5MW6QE1,,2025-12-22 16:05:05,Cali
Odontocedro - Dr. Eduardo Ramos,5.0,,Clínica dental,"Calle 4 # 25-47 Oficina 303, Edificio El Triángulo - Barrio San Fernando, Cali, Valle del Cauca",3155720723,http://www.odontocedro.com/,,2025-12-22 16:05:12,Cali
Odont. Jaime Gallego,4.9,,Clínica dental,"Cra. 42 #5C- 67, Cali, Valle del Cauca",3206206342,http://drjaimegallego.com/,,2025-12-22 16:05:15,Cali
Destination Dental by Dr. Juan Fernando Uribe,5.0,,Clínica dental,"Cl 3 A # 35a 56, El Sindicato, Cali, Valle del Cauca",3113372245,https://godestinationdental.com/,,2025-12-22 16:05:18,Cali
Consultorio odontológico HL,5.0,,Clínica dental,"Av. 5 Oe. #19a24, Terron Colorado, Cali, Valle del Cauca",3154878038,,,2025-12-22 16:05:21,Cali
Clínica Odontológica Dr Jhon Diaz E.,5.0,,Clínica dental,"Cra. 20, Comuna 8, Cali, Valle del Cauca",23939298,,,2025-12-22 16:05:24,Cali
Clinica De Ortodoncia - Juan Fernando Aristizabal,5.0,,Ortodoncista,"760031, Cra. 100 #11-60, Cali, Valle del Cauca",3155471464,http://www.juanfernandoaristizabal.com/,,2025-12-22 16:05:27,Cali
Clínica Santa Luciana - Ronquistop,4.6,,Clínica dental,"Cl. 7 #28-32, 3 de Julio, Cali, Valle del Cauca",3216427663,http://clinicasantaluciana.com.co/,,2025-12-22 16:05:30,Cali
Clinica odontologica Glahden,4.9,,Clínica dental,"Cl. 9 #40-19, Los Cambulos, Cali, Valle del Cauca",3103903619,http://www.glahden.com/,,2025-12-22 16:05:33,Cali
CLÍNICA SOCIAL DE ORTODONCIA,4.4,,Clínica dental,"Cra. 5 Nte. #67N-29, COMUNA 4, Cali, Valle del Cauca",24470547,https://www.clinicasocialdeortodoncia.com/,,2025-12-22 16:05:36,Cali
Clinica Odontologica - Dra. Sindy Arce (Dental Clinic),4.9,,Clínica dental,"Av. 4 Nte. #8N-67 Oficina 101, Granada, Cali, Valle del Cauca",3163431218,http://www.drasindyarce.com/,,2025-12-22 16:05:39,Cali
SOMA Odontología | Diseño de sonrisa en Cali,5.0,,Clínica dental,"Cra. 42a #5a-39, Cali, Valle del Cauca",3167514656,https://odontologiasoma.com/,,2025-12-22 16:05:45,Cali
Dentysano | Diseño de Sonrisa y Odontología en Cali,5.0,,Clínica dental,"Cra. 45 #5C-14 CONSULTORIO 3, Cali, Valle del Cauca",3184707862,https://linktr.ee/dentysano,,2025-12-22 16:05:49,Cali
CENTRO ODONTOLOGICO BURBANO,5.0,,Clínica dental,"Cl. 12 #44 a 22, panamericano, Cali, Valle del Cauca",6023374390,,,2025-12-22 16:05:52,Cali
OdontoVida,3.0,,Clínica dental,"Cl. 5d #38a-35, San Fernando, Cali, Valle del Cauca",3177784686,https://odontovidacali.com/,,2025-12-22 16:05:55,Cali
Clínica Denta SAS,4.8,,Clínica dental,"Cra. 39 #5A - 51, Santa Isabel, Cali, Valle del Cauca",3176418508,http://www.clinicadenta.com/,,2025-12-22 16:05:58,Cali
Centro Odontologico María Auxiliadora,4.3,,Clínica dental,"Cra. 25 #2A-12, Miraflores, Cali, Valle del Cauca",25541414,,,2025-12-22 16:06:01,Cali
"Christian Urrego Odontología | Odontólogo en Cali y Jamundí | Limpieza Dental, Coronas y Blanqueamiento",4.9,,Clínica dental,"Centro Empresarial, Cra 39 con Calle 6, Cali, Valle del Cauca",3216113511,https://www.christrianurrego.com/,,2025-12-22 16:06:04,Cali
Occi-Dental Clínica Odontológica Sede Norte,3.6,,Clínica dental,"Cl. 62 Nte. #1-80, COMUNA 4, Cali, Valle del Cauca",6023690708,,,2025-12-22 16:06:07,Cali
Clinica de Implantes y estética dental en Cali | Leonardo Peña,5.0,,Periodoncista de implantes dentales,"Av. Roosevelt #39-25 Consultorio 506, Los Cambulos, Cali, Valle del Cauca",3177452853,https://leonardopena.com/,,2025-12-22 16:06:10,Cali
Cliod | Diseño de Sonrisa | Blanqueamiento Dental | Veneers | Dental Implants,5.0,,Clínica dental,"Edificio Plaza, Cl. 5 #38-25, San Fernando, Cali, Valle del Cauca",3117052473,https://cliod.online/,,2025-12-22 16:06:13,Cali
SONRISA CENTRO ODONTOLOGICO,,,Clínica dental,"Cl. 36 #15-30, Comuna 8, Cali, Valle del Cauca",3148702346,,,2025-12-22 16:06:16,Cali
SALUD DENTAL,5.0,,Clínica dental,"Agua Blanca, Cali, Valle del Cauca",3137326906,,,2025-12-22 16:06:19,Cali
OdontoPrevenir,4.6,,Clínica dental,"Cl. 52 #11D-46, Comuna 8, Cali, Valle del Cauca",3188029391,http://www.odontoprevenir.com/,,2025-12-22 16:06:22,Cali
Consultorio Odontológico Dra. Sthefany Ramírez Ramírez,5.0,,Clínica dental,"Av. Estación, calle 23 Norte# #5CN 54, Cali, Valle del Cauca",3818948,,,2025-12-22 16:06:25,Cali
"Dra Magda Diaz, Periodoncista, Implantes Dentales, Cali, Mal aliento, Halitosis",5.0,,Periodoncista,"Carrera 38A#5A-100 Oficina 412 Centro Medico Imbanaco, Cali, Valle del Cauca",3114244429,https://www.imbanaco.com/es_CO/especialistas/magda-cecilia-diaz-rojas,,2025-12-22 16:06:29,Cali
Dra Sharon Ortiz | Diseño de sonrisa Cali,5.0,,Periodoncista de implantes dentales,"Cra. 36 #5b - 60 consultorio 409, San Fernando, Cali, Valle del Cauca",3186965559,https://www.smiledesingcalibysharonortiz.com/,,2025-12-22 16:06:32,Cali
Dentix Ciudad Jardín Cali,3.2,,Dentista,"Cra. 100 #16-24, Cañasgordas, Cali, Cauca",6013902547,https://clinicasdentix.com/,,2025-12-22 16:06:35,Cali
Clínicas Élite Dental,4.6,,Clínica dental,"Av. 3 Nte. #44n - 63, Vipasa, Cali, Valle del Cauca",3007365967,https://clinicaelitedental.com.co/,Abierto ⋅ Cierra a las 6 p.m.·Ver más horas,2025-12-22 16:06:38,Cali
Clinica Odontológica Dentilaser,3.9,,Clínica dental,"Cra. 44 #5C-72, Cali, Valle del Cauca",3148945269,https://clinicadentilaser.com/,,2025-12-22 16:06:41,Cali
Clinica Dental Sonría CALI SUR,2.6,,Clínica dental,"Cra. 42 #5-18, Cali, Valle del Cauca",6024851621,https://sonria.com.co/red-clinicas-sonria/,,2025-12-22 16:06:44,Cali
Consultorio Odontologico CRESOFDEN,5.0,,Clínica dental,"Cl. 40 #41 e 37 local 4, Union de Vivienda Popular, Cali, Valle del Cauca",3234306583,,,2025-12-22 16:06:47,Cali
Dr. Sebastian Panesso Dental Studio - Diseño de sonrisa Cali,5.0,,Clínica dental,"Cra. 35 #4A - 60, El Sindicato, Cali, Valle del Cauca",3156886999,,,2025-12-22 16:06:50,Cali
Tu Sonrisa Clínicas Odontológicas Cali,3.0,,Clínica dental,"Cra. 46 # 43-69, Republica De Israel, Cali, Valle del Cauca",23389221,https://www.facebook.com/tusonrisaclinicas/,,2025-12-22 16:06:53,Cali
Odontólogos del Valle,5.0,,Clínica dental,"Cra. 26 #2-19, Miraflores, Cali, Valle del Cauca",3188767622,https://instagram.com/odontologos_del_valle?igshid=MzMyNGUyNmU2YQ==,,2025-12-22 16:06:56,Cali
Clínica Odontológica Odontosanitas,3.4,,Clínica dental,"Av. 4 Nte. #6 Norte-14 a 6 Norte-200, Granada, Cali, Valle del Cauca",3165348052,,,2025-12-22 16:06:59,Cali
Odontologia Cali - Dr. Jawing Garcia,4.8,,Clínica dental,"Centro Comercial Carrera., Cl. 52 Nte. #1b-160 Local 122, La Alianza, Cali, Valle del Cauca",3104544545,https://www.instagram.com/dr.jawinggarcia?igsh=MTQ2dnpiNzR3MnZuZw==,,2025-12-22 16:07:02,Cali
Coldental clinica odontologica,,,Médico,"Cl. 51 #12-03, Comuna 8, Cali, Valle del Cauca",3004935832,https://www.facebook.com/coldental.coldental,,2025-12-22 16:07:05,Cali
Dental center Cali By. Jeniffer Paniagua,4.8,,Clínica dental,"EDIFICIO CENTRO PROFESIONAL SEXTA AVENIDA, Cl. 23 Nte. #6AN-17, Santa Monica Residential, Cali, Valle del Cauca",3102907074,,,2025-12-22 16:07:08,Cali
Clínica odontologica,3.0,,Dentista infantil,"Cra. 98 # 42 - 77, Comuna 17, Cali, Valle del Cauca",3145759958,,,2025-12-22 16:07:12,Cali
Consultorio odontológico Calident,5.0,,Clínica dental,"Av. 2 Nte., El Piloto, Cali, Valle del Cauca",3155781058,,,2025-12-22 16:07:15,Cali
Dr. Miguel Ángel Muñoz - Salud y Estética Dental,5.0,,Clínica dental,"consultorio 1107 Pacific Mall, Cl. 36 Nte. #6A – 65 Piso 11, Santa Monica Residential, Cali, Valle del Cauca",3207666965,https://drmiguelangelm.com/,,2025-12-22 16:07:21,Cali
Dra Natalia Ávila / Odontologia Estética,5.0,,Clínica dental,"Av. 6a Nte. #35N 100 Consultorio 610, Santa Monica Residential, Cali, Valle del Cauca",3127918682,https://dranataliaavila.com/,,2025-12-22 16:07:24,Cali
Dr. Juan Tobar Odontología - Diseño de sonrisa e implantes dentales,5.0,,Clínica dental,"Edificio consumedico, Cl. 5 #38-14 Consultorio 503, Nueva Granada, Cali, Valle del Cauca",3156040712,https://www.odontologiaestetica.co/,,2025-12-22 16:07:27,Cali
Dientes Por siempre - Fundación Odontológica,4.9,,Clínica dental,"Cl. 15 #32A-15, Cristobal Colon, Cali, Valle del Cauca",3182660572,https://www.facebook.com/dientesporsiemprefundacion?mibextid=ZbWKwL,,2025-12-22 16:07:30,Cali
CLINICA ODONTOLOGICA DENTAL WHITE,5.0,,Clínica dental,"Dg. 23 #Diagonal 23, Cali, Valle del Cauca",6023866240,,,2025-12-22 16:07:33,Cali
Odontología Estética Integral Cali - Katty Escobar A.,4.9,,Clínica dental,"Cl. 52, Comuna 5, Cali, Valle del Cauca",3117961873,https://clinicadentalcali.com/,,2025-12-22 16:07:36,Cali
Doctora Sara Zapata - Estética Dental - Porcelain Veneers - Diseños De Sonrisa - Odontología,5.0,,Clínica dental,"AV 6A BIS, Chipichape #35 N-100 of 402, Cali, Valle del Cauca",3022645042,https://doctorasarazapata.com/,,2025-12-22 16:07:39,Cali
CENTRO ODONTOLÓGICO ESPECIALIZADO,4.0,,Clínica dental,"Esquina Calle 28N, Avenida 2BIS, San Vicente, Cali, Valle del Cauca",26672135,,,2025-12-22 16:07:45,Cali
Clínica Denta Sas,5.0,,Periodoncista,"Cra. 84A #17 -57, Comuna 17, Cali, Valle del Cauca",3027763094,http://www.clinicadenta.com/,,2025-12-22 16:07:48,Cali
DR. FRAN ALTAMIRANDA / Consultorio Odontológico,4.8,,Clínica dental,"#4BN-23, Cl. 47 Nte., Cali, Valle del Cauca",3128410729,http://docfranaltamiranda.com/,,2025-12-22 16:07:52,Cali
Centro Odontológico Integral DAVID BARANDICA CALI,5.0,,Clínica dental,"Cl. 36 Nte. #6A-65, Santa Monica Residential, Cali, Valle del Cauca",3168663433,https://davidbarandica.com.co/,,2025-12-22 16:07:55,Cali
Sonreír Consultorio odontológico Cali - Diseños de sonrisa,,,Clínica dental,"Cra. 25c #72d-07, Lleras Restrepo, Cali, Valle del Cauca",3188444490,,,2025-12-22 16:07:58,Cali
Odontoimagen del Valle,4.7,,Clínica dental,"Cra. 42 #5-35, Cali, Valle del Cauca",25241014,,,2025-12-22 16:08:01,Cali
Luminous Dental Aesthetics,5.0,,Clínica dental,"Centro Empresarial Chipichape, Av. 6a Bis Nte #35n - 100 Ofic. 414 - 415, San Vicente, Cali, Valle del Cauca",3235249068,http://luminousdental.com.co/,,2025-12-22 16:08:04,Cali
ODONTOPEGA S.A.S.,4.7,,Clínica dental,"Av. 4 Nte. #23N-69, San Vicente, Cali, Valle del Cauca",6026615594,,,2025-12-22 16:08:07,Cali
Specialdent Cali,4.7,,Clínica dental,"Cl. 9 # 56 - 132, Pampa Linda, Cali, Valle del Cauca",3218675395,http://specialdentcali.com/,,2025-12-22 16:08:10,Cali
AVANZA - Clinica de Sonrisas,4.9,,Clínica dental,"Calle 8a ##44A, Cali, Valle del Cauca",6023069433,http://www.avanzacds.com/,,2025-12-22 16:08:13,Cali
Nueva Sonrisa,4.2,,Clínica dental,"esq. Calle 5A, Cra. 42, Cali, Valle del Cauca",6025517408,https://clinicanuevasonrisa.com/,,2025-12-22 16:08:16,Cali
Dr. JUAN CARLOS MARTINEZ TELLO- CLINICA DE ODONTOLOGIA ESPECIALIZADA,5.0,,Clínica dental,"Edificio Granada Plaza, 760045, Cl. 16 Nte. #8N-51 Oficina 302, Cali, Valle del Cauca",3182113663,http://www.drjuancmartinez.com/,,2025-12-22 16:08:19,Cali
Dental SPA,3.3,,Clínica dental,"Centro Diagnóstico Ciudad Jardín Calle 15A. 103 - 15. Cali. Valle del Cauca. Colombia Piso 4 760031, Cali, Valle del Cauca",6023169450,http://www.dentalspa.com.co/,,2025-12-22 16:08:22,Cali
Clínica de Implantología Oral Del Valle,4.5,,Clínica dental,"Edificio Centro Profesional Sexta Avenida (DINERS) Calle 23 Norte No. 6AN -, 17, Cons. 703 - 704 - 705 Barrio Santa Mónica Norte, Cali, Valle del Cauca",6026612303,http://www.clinicadeimplantologiaoral.com/,,2025-12-22 16:08:25,Cali
"Dra. Claudia Maria Zuluaga Gomez, Odontólogo",,,Dentista,"CALLE 5D # 38A‐35 CONS 1014 TORRE 2, Cali, Valle del Cauca",3154976761,https://www.doctoralia.co/claudia-maria-zuluaga-gomez/odontologo/cali?utm_source=google&utm_medium=gmb&utm_campaign=2062&utm_content=website,,2025-12-22 16:08:28,Cali
Vida Centro Profesional PH,4.2,,Centro de salud y bienestar,"Cl. 5d #38A-35, San Fernando, Cali, Valle del Cauca",25567813,,,2025-12-22 16:08:31,Cali
GRUPO ESPECIALIZADO,4.9,,Clínica dental,"Cra. 44 #5B-74, Cali, Valle del Cauca",25131700,,,2025-12-22 16:08:35,Cali
Dientes Por siempre - Fundación Odontológica,4.9,,Clínica dental,"COMUNA 3, Cali, Valle del Cauca",3167682804,https://www.facebook.com/dientesporsiemprefundacion?mibextid=ZbWKwL,,2025-12-22 16:08:38,Cali
el peñon centro odontologico,5.0,,Clínica dental,"Cra. 4 #4-05 B, COMUNA 3, Cali, Valle del Cauca",28935148,,,2025-12-22 16:08:41,Cali
Dr. Mario Molina Odontología Integral,5.0,,Clínica dental,"Av. 3 Nte. #44 36, La Merced, Cali, Valle del Cauca",3155673323,,,2025-12-22 16:08:44,Cali
Centro Odontológico,,,Clínica dental,"Cl. 52 #12C-57, Comuna 8, Cali, Valle del Cauca",3208716651,,,2025-12-22 16:08:47,Cali
Dra. Tatiana Endo,4.9,,Clínica dental,"Cl. 21 Nte. #9 Norte-50, Santa Monica Residential, Cali, Valle del Cauca",3105377570,http://www.tatianaendo.com/,,2025-12-22 16:08:53,Cali
Dentalcourt Cali- Clínica odontológica - Diseño sonrisa,4.2,,Clínica dental,"Cra. 31 #8-59, La Alameda, Cali, Valle del Cauca",3206800637,https://www.instagram.com/dentalcourt/,,2025-12-22 16:08:56,Cali
Consultorio Odontologico,,,Clínica dental,"Cl. 44 #16-18, Comuna 8, Cali, Valle del Cauca",3104890995,,,2025-12-22 16:08:59,Cali
"Ortodoncia en Cali, Dra. Paola Ceballos",5.0,,Ortodoncista,"Calle 5 # 38-25 Edificio Plaza, San Fernando, Cali, Valle del Cauca",3226852446,https://www.paolaceballosortodoncista.com/,,2025-12-22 16:09:02,Cali
Clinica de Periodoncia e Implantologia,5.0,,Clínica dental,"Edificio Consumédico, Cl. 5 #38-14 Consultorio 607, San Fernando, Cali, Valle del Cauca",3147404115,https://clinperiodoncia.com/,,2025-12-22 16:09:05,Cali
ORTHODONTIK CLINICA ODONTOLOGICA SEDE CALI,,,Clínica dental,"Cl. 27 #35-14, Maracaibo, Cali, Valle del Cauca",23367560,,,2025-12-22 16:09:11,Cali
Dr.Jorge Alejandro Soto,4.1,,Clínica dental,"Av. Estación #5C norte-56, San Vicente, Cali, Valle del Cauca",3113091250,https://drjorgealejandrosoto.co/,Abierto ⋅ Cierra a las 6 p.m.·Ver más horas,2025-12-22 16:09:21,Cali
Clinica Dentalplan,4.9,,Clínica dental,"Av 6 Norte, Local #25N 71 1er piso, Cali, Valle del Cauca",3207133610,http://www.clinicadentalplan.com/,,2025-12-22 16:09:24,Cali
Clínica Odontológica Juan Soto,5.0,,Clínica dental,"Cl. 5 #38-25, San Fernando, Cali, Valle del Cauca",3154897324,https://instagram.com/clinicajuansoto?igshid=mvezcmditwof,,2025-12-22 16:09:33,Cali
JORGE GARCÍA ODONTOLOGÍA,4.9,,Clínica dental,"Carrera 24 C # 8 Oeste, 2 a #8 Oeste - 74, Cali, Valle del Cauca",3045521999,http://www.jorgegarciaodontologia.com/,,2025-12-22 16:09:36,Cali
Centro Odontológico Popular,,,Clínica dental,"Calle 46AN #5N-11, El Popular, Cali, Valle del Cauca",24824422,,,2025-12-22 16:09:39,Cali
SONRISA PERFECTA,4.2,,Clínica dental,"Cra. 42a #5C-96, Cali, Valle del Cauca",25536316,http://www.clinicasonrisaperfecta.com/,,2025-12-22 16:09:42,Cali
ODONTOSTETICA,4.0,,Clínica dental,"Av. 4 Nte. # 13 40, Granada, Cali, Valle del Cauca",3007776330,http://www.odontostetica.co/,,2025-12-22 16:09:45,Cali
Dra Angelica Mora odontología estética,5.0,,Clínica dental,"Cl. 28 Nte. #2BN- 86, San Vicente, Cali, Valle del Cauca",3186704216,,,2025-12-22 16:09:48,Cali
Smiles Clínica Odontológica,4.0,,Clínica dental,"36A-11, Pasoancho, Cali, Valle del Cauca",23827784,https://clinicaodontologicasmiles.com/,,2025-12-22 16:09:51,Cali
"Clínica odontológica team D32 Odontología especialista en ortodoncia, diseño de sonrisa, implatologia oral",4.9,,Clínica dental,"QUANTUM TOWER, Calle 85 #50 - 159 Quantum tower Quantum tower, consultorio 1408, Barranquilla, Atlántico",3106151434,http://www.team-d32-odontologia.negocio.site/,,2025-12-22 16:12:14,Barranquilla
Odontología con Propósito - Dra. Indira Gómez,5.0,,Clínica dental,"Centro Comercial Plaza del Prado, 080002 Carrera 49B # 79-01, local 23 #24 Segundo piso, Barranquilla, Atlántico",3046259272,http://indiragomez.com/,,2025-12-22 16:12:17,Barranquilla
BG Odontología Especializada | Dra. Bellys Gutierrez,5.0,,Clínica dental,"Cra. 50 # 76-19 Lc 6, Nte. Centro Historico, Barranquilla, Atlántico",3242376599,https://newsite.bgodontologos.com/,,2025-12-22 16:12:20,Barranquilla
Smile Center Odontología,4.4,,Clínica dental,"Cl. 92 #46-79, Riomar, Barranquilla, Atlántico",3003027029,https://medicosdoc.com/perfil-medico/882/smile-center-jeanette-dutrenit/odontologo-barranquilla,,2025-12-22 16:12:23,Barranquilla
Patricia Otero BDC,5.0,,Clínica dental,"Cl. 82 #55 #55, El Golf, Barranquilla, Atlántico",3166187871,https://dra.patriciaoterobdc.com/,,2025-12-22 16:12:26,Barranquilla
Clinica Dental Oral Care,5.0,,Clínica dental,"Cra. 44 #53b 48 local 3, Nte. Centro Historico, Barranquilla, Atlántico",3144807026,https://clinicasoralcare.co/,,2025-12-22 16:12:29,Barranquilla
Oralty Prado,4.4,,Clínica dental,"Cra. 49c #82-101, Nte. Centro Historico, Barranquilla, Atlántico",3126918364,http://www.oralty.com.co/,,2025-12-22 16:12:32,Barranquilla
OdontoVida Integral clinica,5.0,,Clínica dental,"Cra. 48 #75- 54, Nte. Centro Historico, Barranquilla, Atlántico",3018112685,https://www.instagram.com/odontovintegral/,,2025-12-22 16:12:35,Barranquilla
Clínica Maxilofacial Del Caribe,4.9,,Clínica especializada,"Cra. 53 #84 - 43, Riomar, Barranquilla, Atlántico",3228884107,http://www.clinicamaxilofacialdc.com/,,2025-12-22 16:12:38,Barranquilla
Dra. Tiby Maldonado Odontóloga,5.0,,Dentista,"Centro Medico Vital, Cra. 51B #94-334 Consultorio 309, Riomar, Barranquilla, Atlántico",3022355853,https://medicosdoc.com/perfil-medico/14826/dra-tiby-maldonado/odontologo-barranquilla,,2025-12-22 16:12:41,Barranquilla
Carlos Acevedo Odontología,5.0,,Dentista,"Calle 106 No 50-67 Local 405 CC. Gran Boulevard, Barranquilla, Atlántico",3205491349,https://www.carlosacevedo.co/,,2025-12-22 16:12:44,Barranquilla
Diva Sánchez Odontología,5.0,,Dentista,"Cra. 38 #74-182, Las Mercedes, Barranquilla, Atlántico",3182879695,https://instagram.com/od.divasanchez?utm_medium=copy_link,,2025-12-22 16:12:47,Barranquilla
Madrid y Diaz Clinica Odontologica,5.0,,Clínica dental,"Cra. 53 # 79 - 315 Local 202, Nte. Centro Historico, Barranquilla, Atlántico",53782938,,,2025-12-22 16:12:50,Barranquilla
GM Clínica Odontológica,,,Clínica dental,"Cl. 76 #38-42, Las Mercedes, Barranquilla, Atlántico",3008951716,https://medicosdoc.com/perfil-medico/14934/gm-clinica-odontologica/odontologo-barranquilla,,2025-12-22 16:12:53,Barranquilla
"CFC - Carlos Fernández De Castro | Clínica Odontológica | Somos expertos en Rehabilitación Oral | Barranquilla, Colombia",4.8,,Clínica dental,"CC. Mallplaza Buenavista, Cra. 55 #99-55, Riomar, Barranquilla, Atlántico",6053161061,https://cfcodontologia.com/,,2025-12-22 16:12:57,Barranquilla
Zona Dental Barranquilla,3.8,,Dentista,"Cra. 44 #76-211, Nte. Centro Historico, Barranquilla, Atlántico",3125292446,https://zonadentalbarranquilla.com/,,2025-12-22 16:13:00,Barranquilla
Cordaly - Clínica de Cordales,5.0,,Clínica dental,"Cra. 53 #84-43, Riomar, Barranquilla, Atlántico",3228884107,http://cordaly.com/,,2025-12-22 16:13:03,Barranquilla
CENTRO ODONTOLOGICO,,,Clínica dental,"Cl. 70b #Carrera 31 96, Suroccidente, Barranquilla, Atlántico",53659059,,,2025-12-22 16:13:06,Barranquilla
Ponce Odontologia,4.9,,Clínica dental,"Smart Office, Cra. 51B #80-58 Oficina 910, Nte. Centro Historico, Barranquilla, Atlántico",3218430749,http://www.ponceodontologia.co/,,2025-12-22 16:13:09,Barranquilla
Clínica dental y esthetic by Susana Moya,4.9,,Dentista,"SEDE 1, Cl. 70b #41-120, Nte. Centro Historico, Barranquilla, Atlántico",3004973891,https://medicosdoc.com/perfil-medico/13279/susana-moya-dental-y-esthetic-clinic/odontologo-barranquilla,,2025-12-22 16:13:12,Barranquilla
Odontozoom,5.0,,Clínica dental,"Cra 13 # 109B - 02, Barranquilla, Atlántico",3003055486,http://odontozoom.com/,,2025-12-22 16:13:15,Barranquilla
Bonadent,4.8,,Clínica dental,"Cl. 75 #48-62, Nte. Centro Historico, Barranquilla, Atlántico",3008228883,http://www.bonadentoficial.com/,,2025-12-22 16:13:18,Barranquilla
ORAL PLUS CLÍNICA ODONTOLOGÍCA,4.6,,Clínica dental,"Cra. 49c #76-201, Nte. Centro Historico, Barranquilla, Atlántico",3004918599,,,2025-12-22 16:13:21,Barranquilla
SIEO Clínica Odontológica,5.0,,Clínica dental,"Cra. 47 #82-186, Nte. Centro Historico, Barranquilla, Atlántico",3023239476,https://clinicaodontologicasieo.com/,,2025-12-22 16:13:24,Barranquilla
C.O.E DE COLOMBIA Centro Odontológico de Especialistas,,,Clínica dental,"Calle 72 por calle 56 y calle 28, Nte. Centro Historico, Barranquilla, Atlántico",53201297,,,2025-12-22 16:13:33,Barranquilla
SOMECA - Servicios Odontomedicos del Caribe,3.9,,Clínica dental,"Cra. 42g #80-115, Nte. Centro Historico, Barranquilla, Atlántico",6053100030,http://www.someca.co/,,2025-12-22 16:13:36,Barranquilla
Dentyservices | Clínica Odontológica,4.9,,Clínica dental,"Cra. 43 #75B - 187 Local 21, Nte. Centro Historico, Barranquilla, Atlántico",3003259484,http://www.dentyservices.com/,,2025-12-22 16:13:39,Barranquilla
Oprem Dental Clínica odontológica especializada / Dra. Maria Molina / Dra. Karen Bustos,5.0,,Clínica dental,"Cra. 58 #70-129 LOCAL 101, Nte. Centro Historico, Barranquilla, Atlántico",6053453859,https://www.facebook.com/opremdental.clinicasdentales,,2025-12-22 16:13:43,Barranquilla
Odontológo,,,Clínica dental,"Cra. 47, Nte. Centro Historico, Barranquilla, Atlántico",53564380,,,2025-12-22 16:13:46,Barranquilla
DENTTE Odontología,5.0,,Clínica dental,"Cra. 72 #83 35, Riomar, Barranquilla, Atlántico",3023091081,https://instagram.com/dentteodontologia?igshid=YmMyMTA2M2Y=,,2025-12-22 16:13:49,Barranquilla
ORTHODENT Salud Oral Integral,5.0,,Clínica dental,"edificio Rosa María - Sky Garden, Cl. 85 #51b -20, Riomar, Barranquilla, Atlántico",3043515522,,,2025-12-22 16:13:52,Barranquilla
body dent Dra Claudia ordosgoitia,4.8,,Clínica dental,"Cl. 59 #44 15, Nte. Centro Historico, Barranquilla, Atlántico",3186966941,http://www.bodydents.com/,,2025-12-22 16:13:55,Barranquilla
Elite Smile - Implantes Dentales | Diseños de Sonrisa Barranquilla,5.0,,Clínica dental,"Cl. 94 #Nº51B-58 Local 1, Riomar, Barranquilla, Atlántico",3106510197,https://l.instagram.com/?u=https%3A%2F%2Flinktr.ee%2Felitesmileee&e=AT3o1QaGTGHdtyZ9FoeLqSxTX1GyswhSY_tycyCugvzmxSZfeG6zZYRTNjS-f_t-KW-6-iorfywzN62vqGj8G1M-5aXFksooGNVITY8R51iZRBAE,,2025-12-22 16:13:58,Barranquilla
Dr Eduardo Coll | Diseños de Sonrisa en Barranquilla,5.0,,Clínica dental,"Edificio Smart Office Center, Cra. 51B #80-58 Consultorio 503A, Nte. Centro Historico, Barranquilla, Atlántico",3017888216,https://www.dreduardocoll.com.co/,,2025-12-22 16:14:01,Barranquilla
Clínica Smile Care S.A.S,4.8,,Clínica dental,"Cl. 65 #47-09, Nte. Centro Historico, Barranquilla, Atlántico",3246836448,,,2025-12-22 16:14:04,Barranquilla
Clínica DentiCenter,4.4,,Clínica dental,"Cra. 50 #82 - 149 1er Piso, Nte. Centro Historico, Barranquilla, Atlántico",6053853530,http://www.denticenter.com.co/,,2025-12-22 16:14:07,Barranquilla
TU DENT,5.0,,Clínica dental,"Cra. 49c #76-10 Local 4, Nte. Centro Historico, Barranquilla, Atlántico",53604585,https://medicosdoc.com/perfil-medico/888/tudent/odontologo-barranquilla,,2025-12-22 16:14:10,Barranquilla
Dental Health Odontologia Especializada,5.0,,Clínica dental,"Edificio.Soho 85, Cra. 47 #85-53, Barranquilla, Atlántico",6053855492,https://medicosdoc.com/perfil-medico/956/dentalhealth/odontologo-barranquilla,,2025-12-22 16:14:13,Barranquilla
Urgencias Odontológicas 24/7,5.0,,Clínica dental,"Cl. 80 #46-16, Nte. Centro Historico, Barranquilla, Atlántico",3009759442,,,2025-12-22 16:14:16,Barranquilla
"Dental Implant Plus - Odontología, Implantes, Ortodoncia, Diseño Sonrisa",5.0,,Clínica dental,"Torres del Atlantico Sur, Cra. 57 #99A - 65 consultorio 204, Riomar, Barranquilla, Atlántico",3054434163,,,2025-12-22 16:14:19,Barranquilla
CLINICA DENTAL BIODENTIST S.A.S,5.0,,Clínica dental,"Cl 72 #41-88, Nte. Centro Historico, Barranquilla, Atlántico",3023171950,https://www.instagram.com/dra.adryortegam?igsh=czkyeHF3MHZnbm4x,,2025-12-22 16:14:22,Barranquilla
DENTAL SMILE CONCEPT,5.0,,Clínica dental,"Cl. 76 #59-32, La Concepción, Barranquilla, Atlántico",3005472541,http://dentalsmileconcept.com/,,2025-12-22 16:14:26,Barranquilla
Vident Odontología Especializada,5.0,,Clínica dental,"Cl. 76 #44-25, Nte. Centro Historico, Barranquilla, Atlántico",3008025798,http://www.videntoe.com/,,2025-12-22 16:14:29,Barranquilla
PEREZ VELEZ ODONTOLOGOS,5.0,,Clínica dental,"Edificio Smart Office, Cra. 51B #80-58 Ofc 905, Nte. Centro Historico, Barranquilla, Atlántico",3104042951,http://www.perezvelezodontologos.com/,,2025-12-22 16:14:32,Barranquilla
DentiColombia,5.0,,Clínica dental,"Cra. 47 #84-79 2do Piso, Riomar, Barranquilla, Atlántico",53458019,http://www.denticolombia.com/,,2025-12-22 16:14:38,Barranquilla
Dr. José Bello odontología,4.9,,Clínica dental,"Cra. 52 #82-307 piso 2 local 12, Nte. Centro Historico, Barranquilla, Atlántico",3043982908,,,2025-12-22 16:14:41,Barranquilla
Clínica Scala odontología y medicina estética,5.0,,Clínica dental,"Av. 20 de Julio #84 - 74, Nte. Centro Historico, Barranquilla, Atlántico",3022826452,https://instagram.com/karollcabrera.od?igshid=YmMyMTA2M2Y=,,2025-12-22 16:14:44,Barranquilla
CLINICA SONRISA DA SILVA,4.0,,Clínica dental,"Cl. 79 #42F 93, Nte. Centro Historico, Barranquilla, Atlántico",3173728776,,,2025-12-22 16:14:50,Barranquilla
Punto Dental By Diana Castro - Centro Odontológico Sede Norte,,,Clínica dental,"Cra. 49c #80 -55 Consultorio 404, Nte. Centro Historico, Barranquilla, Atlántico",3004612038,https://linktr.ee/puntodental,,2025-12-22 16:14:53,Barranquilla
Sonrisas Imparabless – Consultorio Odontológico en Barranquilla,5.0,,Clínica dental,"Edificio Quantum tower, Cl. 85 #50 - 159 Oficina 1406, Riomar, Barranquilla, Atlántico",3002301253,https://www.instagram.com/sonrisasimparabless/,,2025-12-22 16:14:56,Barranquilla
Clinica Odontologica Taller De Sonrisas,,,Clínica dental,"Cra. 54 #55-127 local 3, Nte. Centro Historico, Barranquilla, Atlántico",53855370,https://medicosdoc.com/,,2025-12-22 16:14:59,Barranquilla
CLINICA ODONTOLOGICA,,,Clínica dental,"Cl. 63 #43-83, Nte. Centro Historico, Barranquilla, Atlántico",3008483755,,,2025-12-22 16:15:02,Barranquilla
Dentisalud Centro Comercial Mallplaza Buenavista - Clínicas odontológicas,4.9,,Ortodoncista,"Centro Comercial Mall Plaza Barranquilla, Cra. 55 #99 - 51 LS - 070, Riomar, Barranquilla, Atlántico",3204494558,https://www.dentisalud.com.co/,,2025-12-22 16:15:05,Barranquilla
Dr Juan Rodado - Odontologia Avanzada-Implantes Dentales-Diseño de Sonrisas,5.0,,Clínica dental,"Carrera 51B No.80-58 Smart Office Center, of.419, Barranquilla, Atlántico",3008164601,,,2025-12-22 16:15:09,Barranquilla
Clinica Odontologica Odontointegra Smile en Barranquilla,5.0,,Clínica dental,"Av. Murillo #2b-70, Cisneros, Barranquilla, Atlántico",3004242373,,,2025-12-22 16:15:12,Barranquilla
CareDental,5.0,,Clínica dental,"Cra. 46 #No. 80 - 32, Nte. Centro Historico, Barranquilla, Atlántico",53854612,http://caredental.medicosdoc.com/,,2025-12-22 16:15:15,Barranquilla
Odontología Integral,,,Clínica dental,"Cl. 84 #67-16 Piso 2, Riomar, Barranquilla, Atlántico",3156524539,,,2025-12-22 16:15:18,Barranquilla
Clínica Odontológica Orthodontics,,,Clínica dental,"Unidad Médica, Av. 20 de Julio #69G-53 Local 1001, Nte. Centro Historico, Barranquilla, Atlántico",53187168,,,2025-12-22 16:15:21,Barranquilla
Jeison Celedon Odontologia Integral y Estética,4.9,,Dentista,"Cl 72 #41B-09 Consultorio 610, Nte. Centro Historico, Barranquilla, Atlántico",3144583718,https://wa.link/17qcdk,,2025-12-22 16:15:24,Barranquilla
Clinica Salud Oral,4.8,,Clínica dental,"Cra. 48 #69-06, Nte. Centro Historico, Barranquilla, Atlántico",53566149,,,2025-12-22 16:15:27,Barranquilla
Odontologia Dr. Jackson Perez Ucros,5.0,,Clínica dental,"Cra. 44 #84-178, Nte. Centro Historico, Barranquilla, Atlántico",3006079639,https://www.instagram.com/drjackson.odontologia/,,2025-12-22 16:15:30,Barranquilla
Smiling - Altas Especialidades Odóntologicas,,,Clínica dental,"Cra. 52 #76 -122 local 9, Nte. Centro Historico, Barranquilla, Atlántico",3245893940,,,2025-12-22 16:15:36,Barranquilla
Punto Dental By Diana Castrao - Centro Odontológico Sede Recreo,5.0,,Clínica dental,"Cra. 38 #54 - 51 L-1, Nte. Centro Historico, Barranquilla, Atlántico",3007873787,https://linktr.ee/puntodental,,2025-12-22 16:15:39,Barranquilla
Odontologia Integral CLH,,,Clínica dental,"Cl 72 #57 -62 local 9, Nte. Centro Historico, Barranquilla, Atlántico",3145185556,,,2025-12-22 16:15:42,Barranquilla
Beauty Dental Care,5.0,,Clínica dental,"Cl. 82 # 55 - 55 Local 204, Nte. Centro Historico, Barranquilla, Atlántico",6053450626,https://medicosdoc.com/perfil-medico/4332/beauty-dental-care/odontologo-barranquilla,,2025-12-22 16:15:45,Barranquilla
Dentydent SAS,4.9,,Ortodoncista,"Cra. 46 #82 241 Local 10, Nte. Centro Historico, Barranquilla, Atlántico",3168664795,,,2025-12-22 16:15:48,Barranquilla
UOI UNIDAD DE ODONTOLOGIA INTEGRAL,,,Clínica dental,"Cra. 47 #79-104, Nte. Centro Historico, Barranquilla, Atlántico",53586476,,,2025-12-22 16:15:52,Barranquilla
Tuboca Clinica Dental del Caribe,3.8,,Clínica dental,"Cra. 18 #46B-45, Metropolitana, Barranquilla, Atlántico",3175153359,http://tubocaclinicadental.com/,,2025-12-22 16:15:55,Barranquilla
Sonrisa Italiana - Daniel Zabaleta - Porcelain Veneers,4.9,,Clínica dental,"Cra. 52 #84-131, Riomar, Barranquilla, Atlántico",3103695513,http://www.sonrisaitaliana.com/,,2025-12-22 16:15:58,Barranquilla
"Odontólogo Karem Reales, dentista y estética dental",5.0,,Dentista cosmético,"Cra. 50 #100-23 Casa 5, Riomar, Barranquilla, Atlántico",3214560338,,,2025-12-22 16:16:07,Barranquilla
Dentales Center,,,Clínica dental,"Cra. 44 #74 05 Piso 2 - Local 16, Nte. Centro Historico, Barranquilla, Atlántico",3246044584,,,2025-12-22 16:16:10,Barranquilla
Odontodiag,4.0,,Clínica dental,"Primer Piso, Cra. 52 #82-263, sede norte., Barranquilla, Atlántico",53783582,https://odontodiag.co/,,2025-12-22 16:16:13,Barranquilla
Innova Centro Odontologico,5.0,,Clínica dental,"Carrera 43 # 67-46, Carrera 43 # 36 - 15, Barranquilla, Atlántico",3042024736,,,2025-12-22 16:16:16,Barranquilla
Ortodoncia -odontologia COIB,,,Clínica dental,"Av. 20 de Julio #72-122 Local 5, Nte. Centro Historico, Barranquilla, Atlántico",53691587,,,2025-12-22 16:16:19,Barranquilla
COESP Centro odontológico especializado,5.0,,Clínica dental,"Cl 72 #41B-9, Nte. Centro Historico, Barranquilla, Atlántico",3044671876,https://instagram.com/centro.odontologico.esp,,2025-12-22 16:16:22,Barranquilla
Clínica Dental Colina,,,Clínica dental,"Av. 20 de Julio #69-90, Nte. Centro Historico, Barranquilla, Atlántico",3229673417,https://medicosdoc.com/perfil-medico/943/clinica-dental-colina/odontologo-barranquilla,,2025-12-22 16:16:25,Barranquilla
Odontall,4.0,,Clínica dental,"Cl 72 #39-222 Local 1, Nte. Centro Historico, Barranquilla, Atlántico",3008831933,,,2025-12-22 16:16:28,Barranquilla
ODONTO ESTHETIC,5.0,,Clínica dental,"esquina, Cra. 50 #68b-72, Barranquilla, Atlántico",3166005058,,,2025-12-22 16:16:31,Barranquilla
ProDontos Odontología,5.0,,Clínica dental,"Calle72#41b-47, Nte. Centro Historico, Barranquilla, Atlántico",3167753985,http://0.47.231.163/,,2025-12-22 16:16:35,Barranquilla
DR.Firas Waked Odontologia,5.0,,Clínica dental,"Cr.43#72-122 Consultorio 307, Barranquilla, Atlántico",3006008009,http://www.dentistcol.com/,,2025-12-22 16:16:38,Barranquilla
Siado Jimenez Dental Center,4.6,,Clínica dental,"Carrera 44 # 82 - 16 Centro de negocios Caribbean Mall Local 205, Barranquilla, Atlántico",3002332482,http://www.siadojimenezdentalcenter.com/,,2025-12-22 16:16:44,Barranquilla
Centro Implantologico del Caribe,5.0,,Clínica dental,"Cl. 79 #50-71, Nte. Centro Historico, Barranquilla, Atlántico",6053963759,,,2025-12-22 16:16:47,Barranquilla
Dental Group Odontología Láser,5.0,,Clínica dental,"Centro Comercial Le Cervin, Cra. 52 #82 - 307 Local 9, Nte. Centro Historico, Barranquilla, Atlántico",3006967397,,,2025-12-22 16:16:50,Barranquilla
DENTISTICA Dr.JORGE DE LA ROSA SAS,5.0,,Clínica dental,"Cra. 52 #76 167 Local 301, Nte. Centro Historico, Barranquilla, Atlántico",3217264415,http://www.dentisticacolombia.com/,,2025-12-22 16:16:53,Barranquilla
Dr Jorge Estrada - Sonrisa Deseada,5.0,,Dentista,"edificio Smart oficie, Cra. 51B #80-58, Nte. Centro Historico, Barranquilla, Atlántico",3233153009,https://www.drjorgeestrada.com/,,2025-12-22 16:16:56,Barranquilla
Doctor Maya - Diseño de Sonrisa Barranquilla,5.0,,Clínica dental,"Smart Office Center, Cra. 51B #80-58 Oficina 408, Nte. Centro Historico, Barranquilla, Atlántico",3205402997,https://drmaya.com.co/,,2025-12-22 16:16:59,Barranquilla
ORTHODONTIC CARE Ortodoncia y Odontología,5.0,,Clínica dental,"Cl. 82 #No 70-36, Riomar, Barranquilla, Atlántico",3004653438,https://www.facebook.com/OrthodonticCare/,,2025-12-22 16:17:02,Barranquilla
ORTODENTALES DEL CARIBE,,,Clínica dental,"Cra. 42F #75B-124 local 9, Nte. Centro Historico, Barranquilla, Atlántico",6053049196,,,2025-12-22 16:17:05,Barranquilla
DENTAL STUDIO,5.0,,Clínica dental,"Cl. 84 #55-21 Local 3, Riomar, Barranquilla, Atlántico",3246053486,,,2025-12-22 16:17:12,Barranquilla
Grupo Odontológico Solución Oral,2.6,,Clínica dental,"Cl. 79 #49b:1, Nte. Centro Historico, Barranquilla, Atlántico",6053853302,,,2025-12-22 16:17:15,Barranquilla
Consultorio Odontológico,5.0,,Clínica dental,"Cra. 45 #69-169, Nte. Centro Historico, Barranquilla, Atlántico",3114085193,,,2025-12-22 16:17:18,Barranquilla
Stefanell Odontología,5.0,,Clínica dental,"Centro Médico Gemelli, Cl. 80 #47-43 consultorio 8a segundo piso, Nte. Centro Historico, Barranquilla, Atlántico",3017884821,https://odontologiastefanell.com/,,2025-12-22 16:17:21,Barranquilla
Stefanell Odontología,5.0,,Clínica dental,"Centro Médico Gemelli, Cl. 80 #47-43 consultorio 8a segundo piso, Nte. Centro Historico, Barranquilla, Atlántico",3017884821,https://odontologiastefanell.com/,,2025-12-22 16:17:24,Barranquilla
DigitalDentist,5.0,,Clínica dental,"Quantum Tower, Cl. 85 #50-159 Piso 4 Local 412, Riomar, Barranquilla, Atlántico",3155923918,http://www.digitaldentist.com.co/,,2025-12-22 16:17:27,Barranquilla
Consultorio Odontólogico,5.0,,Clínica dental,"Av. Alberto Assa #82-97 local 1, Nte. Centro Historico, Barranquilla, Atlántico",53588170,,,2025-12-22 16:17:30,Barranquilla
ARTE DENTAL CARIBE,3.0,,Clínica dental,"Cra. 45 #75-45, Nte. Centro Historico, Barranquilla, Atlántico",53171597,,,2025-12-22 16:17:33,Barranquilla
Dr Uriel De La Asunción DentalStudio,5.0,,Clínica dental,"Av. 20 de Julio #75-58, Nte. Centro Historico, Barranquilla, Atlántico",3178515280,https://instagram.com/_dentalstudio.col?igshid=YjNmNGQ3MDY=,,2025-12-22 16:17:36,Barranquilla
John Giraldo - Odontologia Integral y Estética -,5.0,,Clínica dental,"Cl. 80 #7023 local 2, Riomar, Barranquilla, Atlántico",3145469422,,,2025-12-22 16:17:39,Barranquilla
FUXION DENTAL BARRANQUILLA,5.0,,Clínica dental,"Cra 42b #76 - 50, Las Mercedes, Barranquilla, Atlántico",3008056562,https://www.instagram.com/odontologa.marthapemo?r=nametag,,2025-12-22 16:17:42,Barranquilla
Consultorio Odontológico,1.0,,Clínica dental,"Cra. 52 #75-143, Nte. Centro Historico, Barranquilla, Atlántico",13560520,,,2025-12-22 16:17:45,Barranquilla
DENTAL SOCIETY BARRANQUILLA,5.0,,Clínica dental,"Cl 72 #41B-09, Nte. Centro Historico, Barranquilla, Atlántico",3013802910,,,2025-12-22 16:17:48,Barranquilla
Dra Maria Angelica Barrios,,,Clínica dental,"centro empresarial world trade center, Cl. 76 #54 - 11 localB11, Nte. Centro Historico, Barranquilla, Atlántico",3045873673,https://www.instagram.com/dramariangelicab/profilecard/?igsh=M3ozZzk4aHc4OW4x,,2025-12-22 16:17:52,Barranquilla
Doctor Neguib,5.0,,Clínica dental,"Cra. 43b #84-115, Nte. Centro Historico, Barranquilla, Atlántico",3243158484,https://doctorneguib.com/descuento,,2025-12-22 16:17:55,Barranquilla
Consultorio Dental Barranquilla,4.0,,Clínica dental,"Cra. 41 #42-07, Nte. Centro Historico, Barranquilla, Atlántico",53417915,,,2025-12-22 16:17:58,Barranquilla
"Odontología barranquilla / doctora María Hernández Odontología Estética, integral y Armonización Orofacial",5.0,,Clínica dental,"Edificio boracay, Cl 72 #39-175 consultorio 321, Nte. Centro Historico, Barranquilla, Atlántico",3185383010,,Abierto ⋅ Cierra a las 8:30 p.m.·Ver más horas,2025-12-22 16:18:01,Barranquilla
Denta Clínica Odontológica,3.0,,Ortodoncista,"Centor Comercial Aranjuez, Cra. 53 #80-284 Local 13, Nte. Centro Historico, Barranquilla, Atlántico",53785267,http://www.denta.com.co/,,2025-12-22 16:18:04,Barranquilla
White Smile Aesthetic Dental Club,5.0,,Clínica dental,"Carrera 46 # 85-15 Local 11 - C.C. Garden Mall, Barranquilla, Atlántico",6053434439,,,2025-12-22 16:18:10,Barranquilla
Consultorio Odontologico,1.0,,Clínica dental,"Cra. 59 #64-257, Prado, Barranquilla, Atlántico",53441091,,,2025-12-22 16:18:16,Barranquilla
Unidad Medica Odontologica SANA,4.4,,Clínica dental,"SEDE SILENCIO. por la olimpica, Calle 74 #49C-23 SEDE PRADO, Cra. 26b #74C-16, Barranquilla, Atlántico",53855373,https://instagram.com/odontologiasana?igshid=ijrwtbuxx90z,,2025-12-22 16:18:19,Barranquilla
Dr. Erich Heller M. Centro de Odontología Estetica,5.0,,Clínica dental,"Carrera 51 # 84 - 184 Cons. 220, Barranquilla, Atlántico",6053011222,http://www.coe.com.co/,,2025-12-22 16:18:22,Barranquilla
alianza odontologica,4.5,,Clínica dental,"Cra. 52 #82-263, Nte. Centro Historico, Barranquilla, Atlántico",3173671692,,,2025-12-22 16:18:25,Barranquilla
DentalGroup Odontológos Especialistas,4.9,,Clínica dental,"Ed. San Lazaro, Calle Real #31-110 Local 10, Espinal, Cartagena de Indias, Provincia de Cartagena, Bolívar",3233429039,http://www.dentalgroupespecialistas.com/,,2025-12-22 16:20:47,Cartagena
Clínica Odontológica Cartagena de Indias,5.0,,Clínica dental,"Urbanización el Country, Trvs. 54 # 30, Cartagena de Indias, Provincia de Cartagena, Bolívar",3103659514,https://www.clinicaodontologicactgcoci.co/,,2025-12-22 16:20:51,Cartagena
Orlando Rodriguez Odontologia Integral y Estética,5.0,,Clínica dental,"Cra 20 #29c-53, Pie de la Popa, Cartagena de Indias, Provincia de Cartagena, Bolívar",3106007761,https://drorlandorodriguez.com.co/,,2025-12-22 16:20:54,Cartagena
"CONSULTORIO ODONTOLOGÍA ESTÉTICA, DR. ALFREDO HERRERA.",4.9,,Clínica dental,"C.C. RONDA REAL Local 203 Calle 31 #54, Provincia de Cartagena, Bolívar",3165216678,https://instagram.com/dr.alfredoherrera,,2025-12-22 16:20:57,Cartagena
Carmona Odontología Integral,5.0,,Clínica dental,"Mz F #Lt 26, Santa Lucía, Cartagena de Indias, Provincia de Cartagena, Bolívar",3007659049,https://www.carmonaodontologiaintegral.com/,,2025-12-22 16:21:00,Cartagena
ArtDent,4.2,,Clínica dental,"Local 2-20, Piso 2, C.C Multicentro La Plazuela, Cl. 31 #71-130, Santa Mónica, Provincia de Cartagena, Bolívar",3135553826,,,2025-12-22 16:21:03,Cartagena
Odontologia en Cartagena Clinident Odontología Integral y Estetica,4.9,,Clínica dental,"6436932,,, Carrera 50a #31-31, Provincia de Cartagena, Bolívar",3015639949,http://instagram.com/odontologia.clinidentcartagena,,2025-12-22 16:21:06,Cartagena
Alberto Franco Clínica Dental,5.0,,Clínica dental,"CComercial Ronda Real, Cl. 31 #54-215 Local 144B, Santa Lucía, Cartagena de Indias, Bolívar",3205802324,,,2025-12-22 16:21:09,Cartagena
Dra Edenis Muñiz Metanoia experiencia dental,5.0,,Clínica dental,"Providencia, Cra. 71 #31 219 local 07, Santa Lucía, Cartagena de Indias, Provincia de Cartagena, Bolívar",3123020215,https://www.instagram.com/metanoia.clinica/,,2025-12-22 16:21:15,Cartagena
Dra Elizabeth Castro Odontología y Bienestar,4.9,,Clínica dental,"Edificio Ronda Real, Piso 4, Santa Lucía, Cartagena de Indias, Provincia de Cartagena, Bolívar",3155610121,https://linktr.ee/dentisteando,,2025-12-22 16:21:18,Cartagena
Barrios Dental Care,5.0,,Clínica dental,"Centro comercial San Fernando, Dg. 31b #83B Sur -104 Local 209, Ternera, Cartagena de Indias, Cartagena, Provincia de Cartagena, Bolívar",3046326437,http://www.barriosdentalcare.com/,,2025-12-22 16:21:21,Cartagena
Clínica Odontologíca del Caribe,4.1,,Clínica dental,"centro comercial shopping center, local # 6, Santa Mónica, Cartagena de Indias, Provincia de Cartagena, Bolívar",3014629539,,,2025-12-22 16:21:24,Cartagena
Odontología Estética Giovanna Valencia,5.0,,Clínica dental,"Blas de Lezo MZ 9A lote 42 etapa 5, Local 1, Cartagena de Indias, Bolívar",3135564020,,,2025-12-22 16:21:27,Cartagena
Odontologia Especializada,5.0,,Clínica dental,"Cra. 25 #27-47, Manga, Cartagena de Indias, Provincia de Cartagena, Bolívar",3003207560,,,2025-12-22 16:21:31,Cartagena
ArtDent,4.6,,Clínica dental,"Super centro los ejecutivos, local 36, Los Ejecutivos, Cartagena de Indias, Provincia de Cartagena, Bolívar",3004458820,,,2025-12-22 16:21:34,Cartagena
Odontología en Cartagena - Ortodoncia - Alineadores dentales - Diseño de sonrisa - Unidad Médica Lucas,5.0,,Clínica dental,"Cl. 28 #2790 27-a, Manga, Cartagena de Indias, Provincia de Cartagena, Bolívar",3116719882,https://www.instagram.com/dra.andreasalcedop/,,2025-12-22 16:21:37,Cartagena
Dentix Cartagena,2.9,,Dentista,"consultorio 4GH, Calle 35 # 8b-05 Centro Avenida Venezuela edificio citibank, piso 4, Cartagena de Indias, Bolívar",3244260030,https://clinicasdentix.com/,,2025-12-22 16:21:40,Cartagena
"Dra. Tarsys Loayza, Odontólogo",5.0,,Dentista cosmético,"Cra. 3 #6-128, Cartagena de Indias, Provincia de Cartagena, Bolívar",3103664278,https://www.sonrisaperfecta.com.co/,,2025-12-22 16:21:43,Cartagena
CESDENT,5.0,,Clínica dental,"Dg. 31 #62A-30, Los Ángeles, Cartagena de Indias, Provincia de Cartagena, Bolívar",3132074843,,,2025-12-22 16:21:46,Cartagena
MONICA JULIO ARTE PARA TU SONRISA,5.0,,Ortodoncista,"Cl. 29d #21B 129, Pie de la Popa, Cartagena de Indias, Provincia de Cartagena, Bolívar",3146662522,https://monicajulio.com/,,2025-12-22 16:21:49,Cartagena
CLINICA DENTAL EL PROGRESO,,,Clínica dental,"Pedro Romero #30B-76, Estela, Cartagena de Indias, Provincia de Cartagena, Bolívar",3016087146,,,2025-12-22 16:21:55,Cartagena
Sonrisa Perfecta Dental - Tarsys Loayza Roys,5.0,,Clínica dental,"Cra. 3 #6-128 of. 204, Cartagena de Indias, Provincia de Cartagena, Bolívar",3103664278,http://sonrisaperfecta.com.co/,,2025-12-22 16:21:58,Cartagena
ORALSON RR SAS,5.0,,Clínica dental,"26, Tv 68 #20, Cartagena de Indias, Bolívar",3332522265,,,2025-12-22 16:22:01,Cartagena
Dra. Monica Arias - Ortodoncia & odontologia estética,5.0,,Dentista cosmético,"Mz A Lt #2, piso 1, 2, Villa Sandra, Cartagena de Indias, Bolívar",3244715039,https://instagram.com/monicaarias_ortodoncia?igshid=1rat6292zqof6,,2025-12-22 16:22:04,Cartagena
Clínica Odontológica Claudia Ortega,4.0,,Clínica dental,"Av. Pedro De heredia, Cra. 59b #Manzana 50 Lote 16, Chiquinquirá, Cartagena de Indias, Bolívar",3103515732,http://doctoraclaudiaortega.blogspot.com.co/,,2025-12-22 16:22:07,Cartagena
Macia Dental Clinic Parque Heredia,5.0,,Clínica dental,"Centro Comercial Parque Heredia, Local 130, Cartagena de Indias, Provincia de Cartagena, Bolívar",3042760872,,,2025-12-22 16:22:10,Cartagena
Coraldent Cartagena,5.0,,Clínica dental,"Urbanización Los corales manzana A, lote 19 transversal 54, local 1, segundo piso, Cartagena de Indias, Bolívar",3006392023,,,2025-12-22 16:22:13,Cartagena
CLINICA ODONTOLOGICA ESPAÑA,3.0,,Clínica dental,"Cra. 46 #30 B, España, Cartagena de Indias, Provincia de Cartagena, Bolívar",3116987447,,,2025-12-22 16:22:16,Cartagena
JM Dental Design Center,5.0,,Clínica dental,"Bocagrande Cra 3, Cl. 5a #3-36, Cartagena de Indias, Bolívar",3017909881,https://lp.johnnymercado.com/,,2025-12-22 16:22:20,Cartagena
"Rehabilitadora Oral, Dentist U.Javeriana | speaks fluent English | Dental Tourism I",4.9,,Dentista,"carrera 2# 42a-70, calle Real del cabrero, Edificio Milano local 1 Edificio Milano, Local 1, Cartagena de Indias, Bolívar",3188895225,https://drafannyvalera.com/#!/-dentist-cartagena/,Abierto ⋅ Cierra a las 6 p.m.·Ver más horas,2025-12-22 16:22:23,Cartagena
ArtDent Odontología Especializada,4.0,,Clínica dental,"centro de salud y negocio ronda real, Cl. 31 #54-215 Local 152, Escallón Villa, Cartagena de Indias, Provincia de Cartagena, Bolívar",6056928145,,,2025-12-22 16:22:26,Cartagena
Iliana Zarco sede Plazuela,5.0,,Clínica dental,"Multicentro La Plazuela, local 216, Santa Mónica, Cartagena de Indias, Provincia de Cartagena, Bolívar",3187119268,https://ilianazarcoyjosecuesta.com/,,2025-12-22 16:22:29,Cartagena
Dr Federico Pinaud - Odontología Estética,5.0,,Clínica dental,"Cl. 6A #3 - 17, Cartagena de Indias, Provincia de Cartagena, Bolívar",3118615128,https://instagram.com/fedepinaud?igshid=ZGUzMzM3NWJiOQ==,,2025-12-22 16:22:32,Cartagena
Andrés Pineda - Odontología estética e integral,5.0,,Clínica dental,"Centro Empresarial Edificio Seaport 3, Cl. 28 #27-23 oficina 1506, Manga, Cartagena de Indias, Provincia de Cartagena, Bolívar",3207497293,https://andrespinedaodontologia.com/,,2025-12-22 16:22:35,Cartagena
Urgencias Endodónticas,5.0,,Clínica dental,"Centro Médico, Cl. 31 #58-38 Piso 4 Consultorio 420, Los Ejecutivos, Cartagena de Indias, Provincia de Cartagena, Bolívar",3004701842,,,2025-12-22 16:22:38,Cartagena
CROE ODONTOLOGÍA,5.0,,Clínica dental,"villa sandra mz A lt 4 edificio latitud 13, oficina 3B, Villa Sandra, Cartagena de Indias, Provincia de Cartagena, Bolívar",3122856371,,,2025-12-22 16:22:41,Cartagena
Dentis32 Odontólogia Especializada,5.0,,Clínica dental,"República de Venezuela, Cartagena de Indias, Provincia de Cartagena, Bolívar",3234520626,,,2025-12-22 16:22:44,Cartagena
Odontologos Cartagena / Precios odontologia Cartagena/ Clinica dental Cartagena,5.0,,Dentista cosmético,"Edificio Milano, Cra. 2 #42a 70 local 1, Barrio El Cabrero, Cartagena de Indias, Cartagena, Provincia de Cartagena, Bolívar",+13213804313,http://elmejorodontologodecartagena.com/,,2025-12-22 16:22:47,Cartagena
Biodiseño Dental Medical,5.0,,Dentista,"130001, Cl. 29 #23-60, Manga, Cartagena de Indias, Provincia de Cartagena, Bolívar",3145239586,,,2025-12-22 16:22:50,Cartagena
CLINICA DENTAL ANDALUCIA,,,Clínica dental,"Cra. 44 #30A-38 Local 1, España, Cartagena de Indias, Provincia de Cartagena, Bolívar",56625638,,,2025-12-22 16:22:53,Cartagena
RICARDO RAMIREZ ACOSTA,5.0,,Dentista,"Centro Medico Los Ejecutivos Consultorios 201, Provincia de Cartagena, Bolívar",3126192850,,,2025-12-22 16:22:56,Cartagena
DentoClinic Cartagena,5.0,,Clínica dental,"Cl. 26 #24-67, Manga, Cartagena de Indias, Provincia de Cartagena, Bolívar",3022057196,https://www.instagram.com/dentocliniccartagena/,,2025-12-22 16:22:59,Cartagena
havidentistry - Havid Abdala - Dental Center,4.8,,Dentista,"C. 30A #62-179, San Pedro, Cartagena de Indias, Provincia de Cartagena, Bolívar",6056633274,http://www.havidabdala.com/,,2025-12-22 16:23:03,Cartagena
Clínica Odontológica | Odontología Premium,5.0,,Clínica dental,"Brr Manga, Cl. 26 #17-110, Manga, Cartagena de Indias, Provincia de Cartagena, Bolívar",3243332818,https://www.asodontologiapremium.com/,,2025-12-22 16:23:06,Cartagena
Dra. Cristina Argel Sossa ODONTOLOGÍA GENERAL Y ESTETICA,4.6,,Clínica dental,"San Fernando Calle 20 #82-61 Cartagena, Bolívar Colombia, Calle Bolívar, San Fernando, Cartagena de Indias, Bolívar",3024195448,https://www.instagram.com/dra.cristinaargels/?hl=es-la,,2025-12-22 16:23:09,Cartagena
Juan Carlos Garcia Silva,,,Clínica dental,"Centro Médico los Ejecutivos, Cl. 31 #56A- 38 Consultorio 4-14, Escallón Villa, Cartagena de Indias, Provincia de Cartagena, Bolívar",3114131713,,,2025-12-22 16:23:12,Cartagena
Crear Sonrisas,4.7,,Clínica dental,"Centro Medico, Cl. 31 #N° 58-38, Los Ejecutivos, Cartagena de Indias, Provincia de Cartagena, Bolívar",3045421656,http://clinicacrearsonrisas.com/,,2025-12-22 16:23:15,Cartagena
ODONTOLOGIA AL ALCANCE DE TODOS,5.0,,Clínica dental,"Del Consulado #50A-87, Andalucia, Cartagena de Indias, Provincia de Cartagena, Bolívar",56966664,,,2025-12-22 16:23:18,Cartagena
Consultorio Odontológico Dr. Kike,5.0,,Dentista,"CL. 31 58-38 Centro Medico Los Ejecutivos Con209, consultorio 209, Cartagena de Indias, Bolívar",3107841126,,,2025-12-22 16:23:21,Cartagena
Sonricaribe,4.6,,Clínica dental,"24 Local 2, Calle 3 #31, La castellana, Cartagena de Indias, Bolívar",56437139,,,2025-12-22 16:23:24,Cartagena
Dental Max Ctg,5.0,,Clínica dental,"Centro Médico Los Ejecutivos, Cl. 31 #Piso 1, Consultorio 117, Los Ejecutivos, Cartagena de Indias, Provincia de Cartagena, Bolívar",3015103345,https://www.instagram.com/dentalmaxctg/,,2025-12-22 16:23:27,Cartagena
Dental World - Sede Centro Uno,4.4,,Dentista cosmético,"Por Calle 35, C. C Centro Uno, Local 104, Av. Venezuela #8A-44, Cartagena de Indias, Bolívar",3104125729,https://dentalworldcartagena.com/,,2025-12-22 16:23:30,Cartagena
Dental World - Sede Centro Uno,4.4,,Dentista cosmético,"Por Calle 35, C. C Centro Uno, Local 104, Av. Venezuela #8A-44, Cartagena de Indias, Bolívar",3104125729,https://dentalworldcartagena.com/,,2025-12-22 16:23:33,Cartagena
Dental World - Sede Centro Uno,4.4,,Dentista cosmético,"Por Calle 35, C. C Centro Uno, Local 104, Av. Venezuela #8A-44, Cartagena de Indias, Bolívar",3104125729,https://dentalworldcartagena.com/,,2025-12-22 16:23:36,Cartagena
